:020000040800F2
:10000000F08001204D0300083D7900084D5F000895
:10001000ED770008351300087DB4000800000000EB
:100020000000000000000000000000008D02000839
:10003000AB24000800000000E9020008D581000898
:1000400067030008670300086703000867030008E8
:1000500067030008670300086703000867030008D8
:1000600067030008670300086703000867030008C8
:1000700049200008670300086703000867030008B9
:1000800067030008670300086703000867030008A8
:1000900039130008491300086703000867030008C4
:1000A0006703000867030008670300086703000888
:1000B0006703000867030008670300086703000878
:1000C000670300086703000867030008D57F00087E
:1000D0006703000867030008670300086703000858
:1000E0006703000867030008670300086703000848
:1000F00067030008D182000867030008670300084F
:100100006703000867030008670300086703000827
:100110006703000867030008670300086703000817
:1001200059200008670300086920000879200008AA
:1001300067030008670300086703000867030008F7
:10014000591300086913000867030008717A000852
:1001500067030008670300086703000867030008D7
:1001600067030008670300086703000867030008C7
:100170006703000867030008670300080000000029
:10018000670300086703000800F002F800F06EF84B
:100190000AA090E8000C82448344AAF10107DA45E2
:1001A00001D100F063F8AFF2090EBAE80F0013F0C6
:1001B000010F18BFFB1A43F001031847E4E10000E8
:1001C00024E200000A444FF0000C10F8013B13F049
:1001D000070408BF10F8014B1D1108BF10F8015BA0
:1001E000641E05D010F8016B641E01F8016BF9D193
:1001F00013F0080F1EBF10F8014BAD1C0C1B09D1EA
:100200006D1E58BF01F801CBFAD505E014F8016B5B
:1002100001F8016B6D1EF9D59142D6D370470000ED
:10022000103A24BF78C878C1FAD8520724BF30C822
:1002300030C144BF04680C607047000000230024F4
:1002400000250026103A28BF78C1FBD8520728BFE6
:1002500030C148BF0B6070471FB50DF054FD9DE8DD
:10026000030000F019FA1FBD10B510BD00F0A6FA8A
:100270001146FFF7F1FF0CF031F900F0C4FA03B4B6
:10028000FFF7F2FF03BC00F0F5FA00002C4B1968F1
:100290000868B0E8F04F80F30988BFF36F8F4FF024
:1002A000000080F3118870470000000008480068D3
:1002B000006880F308884FF0000080F3148862B66D
:1002C00061B6BFF34F8FBFF36F8F00DF00BF00BF7A
:1002D00008ED00E0DFF80C00016841F470010160F6
:1002E000704700BF88ED00E0EFF30980BFF36F8F28
:1002F000134B1A681EF0100F08BF20ED108A20E97A
:10030000F04F106009B44FF0500080F31188BFF334
:100310004F8FBFF36F8F0CF0D7FE4FF0000080F3CC
:10032000118809BC19680868B0E8F04F1EF0100F7A
:1003300008BFB0EC108A80F30988BFF36F8F704755
:1003400004040020EFF3058070470000094880474F
:1003500009480047FEE7FEE7FEE7FEE7FEE7FEE7A7
:10036000FEE7FEE7FEE7FEE704480549054A064BBF
:1003700070470000BD82000889010008F08000205D
:10038000F0800120F0000120F000012070B5064649
:1003900000F066F9056806F10B0020F00704B4428E
:1003A0009CBF002070BD2B466A68BAB11068A0429D
:1003B00010D304F1080188423CBF5068586007D34D
:1003C0005168101941601168091B01605860146080
:1003D000101D70BD13465268002AE7D121462846F9
:1003E00000F046F90028DED170BD53EA020C00F09F
:1003F00069802DE9F04B4FF00006002B1FBFB3FAC8
:1004000083F503FA05F424FA05F65E4012BF16439D
:10041000B2FA82F502FA05F4C5F120051EBF22FAF0
:1004200005FC44EA0C04203556EA044C4FEA144417
:1004300018BF641C4FF000084FF00009904271EBA8
:10044000030C39D3002919BFB1FA81F701FA07F675
:10045000B0FA80F700FA07F6C7F120071EBF20FAAE
:1004600007FC46EA0C062037B6FBF4FCA7EB0507B1
:10047000103F07F01F0BCBF120060CFA0BFB2CFAF8
:1004800006F644BFB3460026202FA4BF5E464FF0B9
:10049000000B5BEA060C08BF4FF0010B19EB0B09D0
:1004A000ABFB027C48EB0608C01B06FB02CC0BFB37
:1004B00003CC71EB0C01C1E70B46024641464846AE
:1004C000BDE8F08B13B54FF000004FF00001AFF323
:1004D0000080BDE81C407047032A40F2308010F0D5
:1004E000030C00F0158011F8013BBCF1020F6244CF
:1004F00098BF11F801CB00F8013B38BF11F8013B60
:10050000A2F1040298BF00F801CB38BF00F8013B0C
:1005100011F0030300F02580083AC0F0088051F87C
:10052000043B083A51F804CBA0E80810F5E7121D87
:100530005CBF51F8043B40F8043BAFF30080D207A6
:1005400024BF11F8013B11F801CB48BF11F8012B72
:1005500024BF00F8013B00F801CB48BF00F8012B95
:10056000704710B5203AC0F00B80B1E81850203A1F
:10057000A0E81850B1E81850A0E81850BFF4F5AF43
:100580005FEA027C24BFB1E81850A0E8185044BFCD
:1005900018C918C0BDE810405FEA827C24BF51F83A
:1005A000043B40F8043B08BF7047D20728BF31F82E
:1005B000023B48BF11F8012B28BF20F8023B48BF7F
:1005C00000F8012B70474FF000020429C0F01280A0
:1005D00010F0030C00F01B80CCF1040CBCF1020FF6
:1005E00018BF00F8012BA8BF20F8022BA1EB0C01CB
:1005F00000F00DB85FEAC17C24BF00F8012B00F8C1
:10060000012B48BF00F8012B70474FF0000200B5E6
:10061000134694469646203922BFA0E80C50A0E825
:100620000C50B1F12001BFF4F7AF090728BFA0E8D3
:100630000C5048BF0CC05DF804EB890028BF40F89F
:10064000042B08BF704748BF20F8022B11F0804FE1
:1006500018BF00F8012B70477047704770470000C3
:10066000004870479480002070477047704770477B
:1006700038B504460A4600206946AFF300800028DA
:1006800008BF38BD02460099204600F075F80120E9
:1006900038BD012000F08AB8F8B5AFF300800546F8
:1006A00000200C46102000BF0646A819A0420DD914
:1006B000324669460020AFF30080070008BF00F013
:1006C00075F80098A04218BF0546C419FFF7C8FF87
:1006D00005600746F01D20F007004619284600F087
:1006E0000AF8B44208BFF8BDA21B31463868BDE81D
:1006F000F84000F041B800210160C0E901107047E6
:100700001020704770B50446051FFFF7A9FF006869
:10071000002C14BF446870BD002C18BFAC423CBF15
:1007200020466468F8D301680A18AA4218BF4560D9
:1007300003D12A6805461144016028684119A14285
:100740001CBF6C6070BD61686960216808442860E6
:1007500070BD10B500F00CF8006810BD10B504466F
:1007600000F006F8046010BD004870478C8000203F
:10077000004870478C800020034640688C46002863
:1007800018BF88423CBF03464068F8D31868184435
:10079000884207D00CF1030020F00700001D411A29
:1007A000521A0146081D0A60FFF7ACBF10B500F0F1
:1007B00039F8BDE8104000F02FB870477546FFF7D4
:1007C000D3FFAE4605006946534620F00700854634
:1007D00018B020B5FFF7C8FDBDE820404FF0000677
:1007E0004FF000074FF000084FF0000B21F0070119
:1007F000AC46ACE8C009ACE8C009ACE8C009ACE85C
:10080000C0098D46704710B50446AFF300802046FE
:10081000BDE81040FFF733BD002801D000F02AB832
:100820007047000010B5012805D0002103A000F09A
:1008300027F8012010BD09A1F8E7000053494752ED
:10084000544D454D3A204F7574206F6620686561A0
:1008500070206D656D6F7279000000003A20486568
:100860006170206D656D6F727920636F7272757043
:100870007465640001491820ABBEFEE72600020043
:1008800070B505460C460A2000E06D1C00F011F81A
:1008900035B128780028F8D102E0641C00F009F88E
:1008A00014B120780028F8D1BDE870400A20AFF3D9
:1008B000008008B569468DF800000320ABBE08BD76
:1008C000B0B5B0F800C00B889C4553D145884B8823
:1008D0009D424FD113889C454CD153889D4249D1AC
:1008E00043684968506805FB0CFC0022B2EB9C0F82
:1008F00030D04FEA9C0200BF93ED000A91ED001A40
:1009000003F1100E30EE010A80ED000A93ED010AAA
:1009100091ED011A01F1100430EE010A80ED010A97
:1009200093ED020A91ED021A00F1100530EE010A72
:1009300080ED020A93ED030A91ED031A013A30EEBD
:10094000010A80ED030A734628462146D4D1214688
:10095000284673461CF003020AD000BFB3EC010A1C
:10096000B1EC011A013A30EE010AA0EC010AF5D10E
:10097000002000E0FD2040B2B0BD01804280436015
:10098000704700002DE9F04F81B02DED028B8EB045
:10099000B0F800C0B0F802A0D44540F03A810B880E
:1009A000FD229C4540F036814F88BB4240F03281A9
:1009B00040689FEDB08ABCF1000F009000F03181DB
:1009C0004C686FF0030000EB8C0900270026654699
:1009D000CDF828C0204609940A98401B08D0B100E1
:1009E0002046FFF712FE3846013004F10404FBD321
:1009F00004F1040BB5F101084FF07E50206012D0D5
:100A0000A9EB86015846FFF700FE01205C4600BFB7
:100A10000130854204F10404FAD10136013FB8F1F6
:100A2000000F4546D8D1DDF828C0BCF1000F00F01A
:100A3000F8804FEACA00043002900998009900EB50
:100A40008A00C0F10009042000EB8A00ACF1010823
:100A500001EB8A054FEA8A03019001F1040B4FF084
:100A6000000E0F46564600200A460490039300BF2E
:100A70000EFB0AF002EB800191ED000A0C9109993E
:100A8000B5EE400AF1EE10FA01EB80000D90CDF8C2
:100A90002080CDE906950B922ED10EF10100604524
:100AA0000DD20020414600BF2A1892ED000AB5EE93
:100AB000400AF1EE10FA06D101391844F4D1049835
:100AC000012817D0D4E0A0EB0900002157F821300D
:100AD000146842F8043B47F8214001318E42F5D1B9
:100AE0000D9A51461368046840F8043B013942F8F6
:100AF000044BF7D1012004900C99AAEB0E0991ED5B
:100B0000008AB9F1010F4FF07E5008600DD001202E
:100B1000594600BF91ED000A013080EE080A864276
:100B200081ED000A01F10401F4D10D995046CDF890
:100B300014B000BF91ED000A013880EE080AA1EC64
:100B4000010AF7D1DDF82C800998A9F1010B0022E8
:100B5000654600BF724505D108EB890300EB8A00AA
:100B600036E000BF0C9998ED008A91ED000ABBF1C8
:100B7000000F28EE000A38EE400A88ED000A17D070
:100B80000123042107EB010C08EB01049CED000A92
:100B900094ED001A28EE000A013331EE400A9E421D
:100BA00001F1040184ED000AECD108EB010301E03E
:100BB00008F104030D9C5146B4EC011A90ED000AB3
:100BC00028EE011A30EE410AA0EC010A0139F3D1F6
:100BD00003EB8E08013D02F10102BBD1079D029893
:100BE0000B9ADDF820800544039BDDF818900198EE
:100BF000DDF814B0DDF828C00432013E0EF1010E1C
:100C0000A8F10108A9EB0309074483447FF430AF3E
:100C100009E0FD2250B20EB0BDEC028B01B0BDE880
:100C2000F08F00200490B5EE408AF1EE10FA4FF0FC
:100C30000002EFD104980128ECD00AFB0CF14FF030
:100C400000004FF0000271B1009B00BF93ED000A5D
:100C5000B5EE400AF1EE10FA05D10132914203F1EE
:100C60000403F3D10A468A4208BF6FF00400D2E7BA
:100C7000FB22CFE7000000002DE9F04F85B0478848
:100C80000B889F4240F08480B0F800B013889B45E9
:100C900040F07E80B1F802E053889E4578D1D0F8CC
:100CA0000480506849680190BC0827F0030008EBF5
:100CB000800604FB0EF09FED390A07F0030C029149
:100CC00001EB00104FEA8E0200210090CDE903E70E
:100CD0000198DDF808A0009B00EB8109B0EE401AF6
:100CE0005746404674B3554627464046B0EE401A34
:100CF00095ED002A90ED003A154490ED014A23EE5F
:100D0000022A95ED003A154490ED025A31EE021A8E
:100D100024EE032A95ED003A154490ED036A31EE76
:100D2000021A25EE032A95ED003A31EE021A26EE5C
:100D3000032A31EE021A013F00F110001544D7D109
:100D40001F463046BCF1000F0CD0654690ED002ADE
:100D500097ED003A043022EE032A31EE021A013DEB
:100D60001744F3D1A9EC011ABEF1010E0AF1040AED
:100D700003F10403B2D1DDF80CE0049F714408EBE9
:100D80008708BBF1010B06EB8706A1D1002000E02C
:100D9000FD2040B205B0BDE8F08F00BF00000000AC
:100DA000B0B5B0F800C00B889C4553D145884B883E
:100DB0009D424FD113889C454CD153889D4249D1C7
:100DC00043684968506805FB0CFC0022B2EB9C0F9D
:100DD00030D04FEA9C0200BF93ED000A91ED001A5B
:100DE00003F1100E30EE410A80ED000A93ED010A86
:100DF00091ED011A01F1100430EE410A80ED010A73
:100E000093ED020A91ED021A00F1100530EE410A4D
:100E100080ED020A93ED030A91ED031A013A30EED8
:100E2000410A80ED030A734628462146D4D1214663
:100E3000284673461CF003020AD000BFB3EC010A37
:100E4000B1EC011A013A30EE410AA0EC010AF5D1E9
:100E5000002000E0FD2040B2B0BD00002DE9F04FC1
:100E6000B0F800A04A88924545D142880B889A4242
:100E700041D1D1F804C046684FEA920802F0030954
:100E80004FEA0A1E4FEA8A014FF0000B624600BF8C
:100E9000B8F1000F1AD01546474600BF3368284600
:100EA0002B6073680D444350B3686C186B50F56841
:100EB00006F1100366186550013F06EB01051E465A
:100EC000ECD100EB0E071E4602E000BF0CEB8B07D7
:100ED000B9F1000F06D0484656F8043B01383B6094
:100EE0000F44F9D10BF1010BBAF1010A02F104022E
:100EF000CED1002000E0FD2040B2BDE8F08F000020
:100F000038B50446FE2C19D00D480078B0B10BF06E
:100F100016F820B901200B490870002038BD0421C3
:100F200068460BF043FE042804D0012005490870F0
:100F30000020F3E79DF80200034908700120EDE767
:100F400027C001202AC0012029C0012000BF0120A4
:100F50000BF0EBFAFBE7000070B504460D461C48A9
:100F6000046000201B4908700AF0CAFD194909787D
:100F70000843184908700AF085FE164909780843A5
:100F8000144908701DB1144800F072FB1CE09FED7D
:100F9000130A114880ED090A9FED110A80ED0A0A33
:100FA0009FED0F0A80ED0B0A9FED0E0A80ED0C0AF3
:100FB00090ED0C0ADFED0C0A80EE801A80ED081A25
:100FC0009FED0A0A80ED060A0248007870BD000015
:100FD000480200200A020020B00C0020AC38223B5E
:100FE000B016CE393F161B41C3F51C41000020420C
:100FF00010B501221021024802F068FB10BD00006C
:101000000000024010B500221021024802F05EFBF1
:1010100010BD00000000024010B501221146024838
:1010200002F054FB10BD00000004024010B5002285
:101030000121024802F04AFB10BD000000040240FA
:1010400010B50446FFF7DEFF922000F057F90622A4
:101050009549122000F032F9FFF7CAFF9248407814
:10106000000200B290490978084390490880084678
:10107000B0F9000000EE100AB8EEC00A8C48D0EDBE
:10108000000A20EE200AD4ED080A20EE200A84EDA2
:10109000000A8548C078000200B283498978084375
:1010A000824908800846B0F9000000EE100AB8EE48
:1010B000C00A7F48D0ED000A20EE200AD4ED080ACD
:1010C00020EE200A84ED010A77484079000200B240
:1010D000754909790843754908800846B0F9000048
:1010E00000EE100AB8EEC00A7148D0ED000A20EEFA
:1010F000200AD4ED080A20EE200A84ED020AFFF748
:1011000095FF08226849002000F0D8F8FFF784FF17
:10111000654800780F284FD166480078F0B36248E0
:10112000C078000200B26049897808435F490880AE
:1011300094ED090A0846B0F9000000EE900AF8EEB6
:10114000E00A5D4890ED001A10EE810A84ED030A72
:1011500055484079000200B2534909790843534980
:10116000088094ED0A0A0846B0F9000000EE900AE3
:10117000F8EEE00A504890ED001A10EE810A84ED76
:10118000040A4948C079000200B2474989790843F6
:101190004649088094ED0B0A084600E00DE0B0F9DE
:1011A000000000EE900AF8EEE00A434890ED001AC5
:1011B00010EE810A84ED050A44E03B48C078000245
:1011C00000B2394989780843384908800846B0F99F
:1011D000000000EE100AB8EEC00A3748D0ED000A51
:1011E00020EE200A84ED030A2F484079000200B265
:1011F0002D49097908432D4908800846B0F90000B7
:1012000000EE100AB8EEC00A2B48D0ED000A20EE1E
:10121000200A84ED040A2448C079000200B2224961
:1012200089790843214908800846B0F9000000EE9A
:10123000100AB8EEC00A2048D0ED000A20EE200ABD
:1012400084ED050AFFF7DEFEA22000F057F8022227
:101250001549222000F032F8FFF7CAFE1248007844
:10126000C0001149497840EA6110104908800846D9
:10127000B0F90000B0F5806F05DB08460088A0F5E6
:10128000006000B208800948B0F9000000EE100AC2
:10129000F8EEC00AB4EE001AB3EE070A00EE810AB7
:1012A00084ED070A10BD00003E0200204602002027
:1012B00000020020100200200402002070B5064643
:1012C0000C46154646F0800000F018F806E0552060
:1012D00000F014F82070641C681EC5B2002DF6D111
:1012E00070BD70B504460D4644F0800000F006F86D
:1012F000552000F003F8287070BD000001B582B0E1
:101300004FF47A70012301AA02A9009003480068F3
:1013100003F046FF9DF804000EBD000048020020C7
:1013200070B505460C462846FFF7E8FF2046FFF754
:10133000E5FF70BD00BFFEE710B5024801F0DAFB23
:1013400010BD0000A407002010B5024801F0D2FB38
:1013500010BD0000A407002010B5024801F0CAFB30
:1013600010BD0000CC07002010B5024801F0C2FB00
:1013700010BD0000CC07002010B58AB00446012043
:10138000069000200790207F00F0010080F001000F
:1013900004900E200990606B4001019020680D4977
:1013A000884207D10C4800780B490978491C0A4A41
:1013B000117006E00948007808490978491C074A75
:1013C00011700590012008902068694601F008FA24
:1013D0000AB010BDA4070020050000200600002070
:1013E0007CB505460E463AE06B46214A3146284612
:1013F00001F09BFA00242EE01E4850F824000068FB
:10140000A84227D11A4800681A4951F82410496B9C
:1014100088421FD1174850F82400D0F83900C0B1D5
:101420001348007C134951F8241081F83800104902
:101430000A69104951F8241001F12C006946FFF7A0
:101440004BF80C4A52F8240052F82420D2F83910F4
:1014500088477CBD641C084800788442CCD3314660
:10146000284601F04EFA0028BED100BFF1E7000087
:10147000740B0020340B00200400002070B50546DA
:101480002548007808B900F04BF823480078102868
:1014900001DB002070BD002111E0204850F8210040
:1014A00000682A68904208D11C4850F82100406B1F
:1014B000AA68904201D10020ECE7481CC1B216484E
:1014C00000788142E9DB4120FEF760FF04464121BC
:1014D0002046FFF778F8686860600021E1602161CC
:1014E00008216161286820606868E061A86860631D
:1014F000E868C4F839002869C4F83D002046FFF7C1
:101500003BFF054801780078401C034A10700348EF
:1015100040F821402046BDE704000020340B0020A5
:1015200010B50B4801F099FD0221094801F09EF821
:101530001021074801F09AF8064801F08EFD0221BB
:10154000044801F093F81021024801F08FF810BD13
:10155000A4070020CC07002010B52DED028B044617
:10156000B0EE408A00F080FEF0EE408A11E000F01C
:101570007BFE30EE680AB4EEC80AF1EE10FA08DD20
:1015800012480068401C114908600020BDEC028B25
:1015900010BD206801F093FA0028E8D000F064FE46
:1015A00030EE680A0A4880ED000A206804F1200342
:1015B0001A1D211D01F06FF830B104480068401C6D
:1015C000024908600020E1E70120DFE70800002071
:1015D0000C0000200346042B15D007DC7BB1012B47
:1015E0000ED0022B0DD0032B12D10BE0202B0BD0F1
:1015F000212B0AD0222B09D0232B09D107E008E0A8
:1016000007E006E005E004E003E002E001E000E0BE
:1016100000BF00BF002070470020704710B50022B7
:101620000449054807F037FD0449034807F024FD45
:10163000002010BD88710020AC6400208869002063
:1016400070B504460D462046296809F001FE214682
:10165000034807F011FD024807F0DAFC002070BDD6
:10166000AC64002010B503460C460021084610BDAE
:1016700070B52DED048B88B00446002006900790CD
:101680009FEDFE0AB0EE408A9FEDFC0AF0EE408A24
:101690009FEDFA0AB0EE409A00F00EFEF84880ED99
:1016A000000A00BF00F008FEF548D0ED000A30EE59
:1016B000600AF2EE080AB4EEE00AF1EE10FA14DD68
:1016C0009FEDF00A84ED090A9FEDEF0A84ED0A0A06
:1016D0009FEDED0A84ED0B0A9FEDEC0A84ED0C0AF8
:1016E0009FEDEB0A84ED060A5DE29FEDEA0A00F049
:1016F00077FD9FEDE20A84ED0C0A9FEDE00A84ED90
:10170000090A9FEDDE0A84ED0A0A9FEDDC0A84EDEA
:101710000B0A002673E1FFF775FC9220FFF7EEFD40
:10172000062206A91220FFF7C9FDFFF761FC9DF80C
:101730001900000200B29DF8181040EA010500EE01
:10174000105AB8EEC00AD448D0ED000A20EE200AA4
:1017500084ED000A9DF81B00000200B29DF81A10EB
:1017600040EA010500EE105AB8EEC00ACA48D0EDB2
:10177000000A20EE200A84ED010A9DF81D000002F7
:1017800000B29DF81C1040EA010500EE105AB8EEB8
:10179000C00AC148D0ED000A20EE200A84ED020AFA
:1017A000D4ED000A60EEA00A94ED011AD4ED011AFE
:1017B00041EE210A94ED021AD4ED021A41EE210AFB
:1017C000B0EE600A0AF0B6F8B0EE408A94ED0C0A6A
:1017D00030EE080A84ED0C0AFFF728FC082206A95F
:1017E0000020FFF76BFDFFF717FC9DF818000F288E
:1017F00050D19DF81B00000200B29DF81A1040EA7B
:10180000010500EE105AB8EEC00AA448D0ED000A57
:1018100020EE200A84ED030A94ED090AD4ED030AB0
:1018200030EE200A84ED090A9DF81D00000200B286
:101830009DF81C1040EA010500EE105AB8EEC00AEF
:101840009648D0ED000A20EE200A84ED040A94EDBB
:101850000A0AD4ED040A30EE200A84ED0A0A9DF843
:101860001F00000200B29DF81E1040EA010500EEC4
:10187000105AB8EEC00A8948D0ED000A20EE200ABE
:1018800084ED050A94ED0B0AD4ED050A30EE200A2A
:1018900084ED0B0A06BBF0EE488AB0EE489A0020B1
:1018A00017E004F10C0101EB800191ED000A03A99E
:1018B00001EB800181ED000A04F10C0101EB8001D4
:1018C00091ED000A694601EB800181ED000A411C9F
:1018D000C8B20328E5DB49E0B4EEE88AF1EE10FA7D
:1018E00001DDF0EE488AB4EEC98AF1EE10FA01D2B9
:1018F000B0EE489A002037E004F10C0101EB8001C2
:1019000091ED000A03A901EB8001D1ED000AB4EECC
:10191000E00AF1EE10FA0ADD04F10C0101EB80019E
:1019200091ED000A03A901EB800181ED000A04F1A9
:101930000C0101EB800191ED000A694601EB800189
:10194000D1ED000AB4EEE00AF1EE10FA0AD204F189
:101950000C0101EB800191ED000A694601EB800169
:1019600081ED000A411CC8B20328C5DB38EEC90A64
:101970004B4880ED000A002012E003A901EB800132
:1019800091ED000A694601EB8001D1ED000A30EECD
:10199000600A444901EB800181ED000A411CC8B294
:1019A0000328EADB3E4890ED000AF6EE000AB4EEAA
:1019B000E00AF1EE10FA1BDC3A4890ED000ADFED88
:1019C0003A0AB4EEE00AF1EE10FA11DC90ED010AE9
:1019D000DFED350AB4EEE00AF1EE10FA08DC90ED26
:1019E000020ADFED310AB4EEE00AF1EE10FA00DD92
:1019F0000AE09FED2E0A00F0F3FB701C86B22C4823
:101A000000888642FFF687AE00BFD4ED0C0A284856
:101A1000008800EE100AB8EE400A80EE801A84EDCD
:101A20000C1A002015E004F1240101EB8001D1ED36
:101A3000000A1F49098800EE101AB8EE400A80EE2D
:101A4000801A04F1240101EB800181ED001A411C90
:101A5000C8B20328E7DBFFF7D5FAA220FFF74EFC58
:101A6000022206A92220FFF729FCFFF7C1FA9DF800
:101A70001800C0009DF819101CE0000000000000D4
:101A800038020020AC38223BB016CE393F161B413D
:101A9000000020420AD7A33B0002002004020020DD
:101AA0000C020020A40C00209A99193E6F12033AF0
:101AB0003C02002040EA6115B5F5806F02DBA5F518
:101AC000006005B200EE105AF8EEC00AB4EE001A3B
:101AD000B3EE070A00EE810A84ED060A3848008852
:101AE000401C00B236490880364890ED000AF6EEF8
:101AF000000AB4EEE00AF1EE10FA3FF7D3ADD4EDF0
:101B00000C0A9FED311A70EEC10AB0EE600A0AF0BD
:101B100048FCF6EE000AB4EEE00AF1EE10FAECDC56
:101B20002A4890ED000A5FED200AB4EEE00AF1EEDB
:101B300010FAE2DC90ED010A5FED250AB4EEE00A4E
:101B4000F1EE10FAD9DC90ED020A5FED290AB4EE4D
:101B5000E00AF1EE10FAD0DCD4ED090AB0EE600A2A
:101B60000AF01FFCDFED1A0AB4EEE00AF1EE10FAFB
:101B7000C3DCD4ED0A0AB0EE600A0AF012FCDFED15
:101B8000140AB4EEE00AF1EE10FAB6DCD4ED0B0A5A
:101B9000B0EE600A0AF005FCDFED0D0AB4EEE00AD3
:101BA000F1EE10FAA9DC00BF94ED0C0ADFED090A92
:101BB00080EE801A84ED081A08B0BDEC048B70BD6D
:101BC000120200200C020020CDCC1C41A40C0020ED
:101BD0000AD7233CC3F51C4100B5ADF5177D09F0CC
:101BE0009DFA3E4806F0B2F93D4908604FF48C7208
:101BF0003C4951A8FEF7B5FC0421939100218DF8D2
:101C00003C1251A800F0A0F93749086001219391D6
:101C100000218DF83C1251A800F096F93349086074
:101C20000321939101218DF83C1251A800F08CF909
:101C30002F49086002219391B0EE000A8DED6B0AE6
:101C400001218DF83C1251A800F07EF92949086065
:101C50004FF48C7228490BA8FEF783FC04214D91A8
:101C60000BA800F071F92549086001214D910BA8DE
:101C700000F06AF92249086003214D910BA800F099
:101C800063F92049086002214D910BA800F05CF92E
:101C90001D4908602C221D496846FEF762FC694612
:101CA0001B4806F0DFF81B4805F04AFE1A49086099
:101CB00004F036FE1949C1F82600032008760120F9
:101CC00048769FED170A10EE100A48619FED140A3E
:101CD00010EE100A08610DF5177D00BD9C0900206B
:101CE00078030020BCDE00087C0300208003002075
:101CF0008403002088030020D4DF00088C03002028
:101D0000900300209403002098030020ECE00008DA
:101D1000F81400205409002060C001207015002034
:101D20000000000000BF09F0DFFE01200AF0FDFB0B
:101D3000F9E790ED010AD1ED020A20EE200AD0ED7C
:101D4000020A91ED011A00EEC10A82ED000A90ED3F
:101D5000020AD1ED000A20EE200AD0ED000A91ED32
:101D6000021A00EEC10A82ED010A90ED000AD1EDDF
:101D7000010A20EE200AD0ED010A91ED001A00EED2
:101D8000C10A82ED020A70472DE9F05F2DED028B4A
:101D90004FF0000AAEE0664850F82A6006F11C04D5
:101DA00006F12805374695ED5E0AB0EE408A2079A7
:101DB000012803D1B1EE480AB0EE408AA07800F0C5
:101DC0004000C8B12088402816D1A079012805D14B
:101DD000286890ED000AF0EE408A03E097ED040ACF
:101DE000F0EE408AF0EE480AB0EE680A05F5807021
:101DF00005F076FFB0EE408AA07800F0080028B326
:101E0000207800F0480008B3207A00F00A0030B1D2
:101E1000A86890ED000A30EE080AB0EE408AE0793A
:101E2000012805D1686890ED000AF0EE408A03E0D1
:101E300097ED020AF0EE408AF0EE480AB0EE680A2A
:101E400005F1880005F04CFFB0EE408A207A00F0E2
:101E5000010030B1E86890ED000A30EE080AB0EEFB
:101E6000408AA07800F0010078B1B7F90C0000EECC
:101E7000900AF8EEE00AB0EE600AF0EE480A05F1CA
:101E8000100005F02DFFB0EE408A6079012805D1E1
:101E9000BFEE000A28EE000AB0EE408ABDEEC80A86
:101EA00010EE100A0FFA80FB96F8AC8196F8AD910F
:101EB000CBF3072108EB88101E4A1044243000F8A9
:101EC000191008EB88101146084424304FEA4901E4
:101ED000491C00F801B096F8AF0148B908EB881129
:101EE00011442431022202FB09101021FEF76BFB82
:101EF0000AF1010A104800788245FFF44CAF4FF018
:101F0000000A0DE00D4810F80A0038B10AEB8A11FA
:101F1000084A8818B7EE000AFFF71EFB0AF1010A0B
:101F2000BAF1060FEED3BDEC028BBDE8F09F0000C6
:101F3000A4C001206500002064000020EB01002007
:101F4000012180F8AF1170473EB505462F48007853
:101F50000C2801DD00203EBD4FF4E070FEF716FABC
:101F600004464FF4E0712046FEF74FFB95F8000160
:101F700084F8AE01D5F8F410E161D5F8F8102162CB
:101F8000D5F8FC00606205F13C0104F1380005F071
:101F900069FF05F1680104F1B00005F063FF05F188
:101FA000940104F5947005F05DFF2868A0626968EB
:101FB000E162E9686163A968216305F582712046E1
:101FC00005F016FC12494FF488704151001D445130
:101FD00005F58270FFF752FAC4F8A8010D4A07CA46
:101FE0008DE807000294684600F030FAC4F8B001AA
:101FF0002046FFF7A5FF054801780078401C034AFA
:102000001070054840F821402046A4E764000020F5
:10201000AD240008ACDD0008A4C0012010B50146C5
:10202000002381F8AF31D1F8A8311B68034CA342DB
:1020300001D1012300E002231A4610BDA4070020AD
:1020400080ED680A7047000010B5024801F050F8B2
:1020500010BD00008C0A002010B5024801F048F8BD
:1020600010BD00004C08002010B5024801F040F8F7
:1020700010BD00002C0A002010B5024801F038F80D
:1020800010BD0000AC080020014608781038182365
:10209000B0FBF3F20848805CC865032A05D90868DC
:1020A0006FF30900001D886503E008686FF30900FD
:1020B0008865886D704700008CDD000801460020AF
:1020C0008A6A8B69CBB932B1012A0DD0022A03D0BA
:1020D000032A10D10EE000BFCB6A03F08073B3F186
:1020E000807F00D1012007E0CB6AB3F1C07F00D12F
:1020F000012001E000E000BF34E08B69B3F5005F30
:102100001AD132B1012A07D0022A03D0032A11D1F1
:102110000AE000BF01200EE0CB6A03F08073B3F148
:10212000807F00D1012006E0CB6AB3F1C07F00D1EF
:10213000012000E000BF15E032B1012A05D0022ADB
:1021400004D0032A0CD103E000BF00BF012008E047
:10215000CB6A03F08073B3F1807F00D1012000E0EF
:1021600000BF00BF704730B50468246824F48024A1
:1021700005682C60046863608468402C04D104689E
:10218000A2600468E16003E00468A1600468E260A2
:1021900030BD000008B50E480078B8B901200C49E0
:1021A00008700C48406800900B4900980968884204
:1021B00004D20A480068401C084908600548406885
:1021C0000549086000200249087000BF08BD0000F2
:1021D00038000020001000E028000020240000202B
:1021E0000C494868F0EE400A00BF0A494968091ADC
:1021F00001EE101AF8EE411A074991ED001AB8EEF7
:10220000411A20EE811AF4EEC11AF1EE10FAECD365
:1022100070470000001000E01800002010B52DED00
:10222000028B82B004460E484068019020680199F4
:10223000081A00EE100AF8EE400A0A4890ED000A6B
:10224000B8EE400A80EE801AB0EE418A0198206014
:10225000FFF7A0FFB0EE480A02B0BDEC028B10BD44
:10226000001000E01800002010B52DED028B00F0EA
:1022700085F80F4880880E49096801EB4102C2EBDE
:10228000C11100EBC10000EE100AB8EE400A084888
:10229000C08800EE900AF8EE600A9FED061A00EE84
:1022A000810AB0EE408AB0EE480ABDEC028B10BD48
:1022B000100000206F12833A10B52DED028B00F054
:1022C0005DF80F4890ED000AB8EE400A808800EEF5
:1022D000900AF8EE600A9FED0B1A00EE810A08489A
:1022E000C08800EE900AF8EE600A9FED071A00EE33
:1022F000810AB0EE408AB0EE480ABDEC028B10BDF8
:10230000100000206F12833ABD37863510B50446A1
:102310001348006840F0807011490860002011499E
:1023200048600846006840F0010008600E486043BD
:102330000E490860084600684FF47A71B0FBF1F06E
:102340000B490860094800680749B0FBF1F00949EA
:102350000860002008490860FFF71CFF10BD00005E
:10236000FCED00E0001000E040420F0018000020EB
:102370001C000020200000202400002038B529483F
:1023800040680090FFF706FF274800684FF0FF31D4
:10239000A0FB01310098181841F10001234A03C243
:1023A000234800232149026803C9FEF71EF8214A89
:1023B00003C220480CC81E4800680024A2FB001578
:1023C00003FB005002FB04021848D0E90030591A00
:1023D00060EB0200184AC2E900101648006817496D
:1023E0000860174800231449026803C9FDF7FDFF80
:1023F00012498880084680881149096841430E487F
:10240000D0E90030591A60F100000E4AC2E900100C
:102410000D4800230B49026803C9FDF7E6FF074991
:10242000C88038BD001000E02400002030000020EB
:10243000180000204000002048000020100000206C
:102440001C000020500000202000002070B5044631
:102450001020FDF79BFF0546002028606860A860FB
:10246000E860A068E860208808B9642000E020885F
:10247000288060686860608808B9642000E060882F
:10248000288120882881054801780078401C034A6B
:102490001070034840F82150284670BD20C001202C
:1024A000240C002001880181704770472DE9F0411C
:1024B000074607F12C05D7F83D603446D6F8B00141
:1024C000FFF7F0FF06F5DA70FFF7A8FE86ED6E0A5B
:1024D000608820806878297840EA012060806088E0
:1024E00000EE100AB8EE400ADFED300A20EE200AB6
:1024F00084ED010AE878A97840EA012000B200EEF4
:10250000100AB8EEC00ADFED2A0A20EE200AD4ED48
:10251000020A9FED281A01EE200A84ED020A68796A
:10252000297940EA012000B200EE100AB8EEC00A94
:10253000DFED210A20EE200AB4F90C0000EE900A2B
:10254000F8EEE00A9FED1D1A01EE200ABDEEC00A6A
:1025500010EE100A00B2A081A879A07360882188CB
:10256000401AB0F5805F03DD6069401E606108E0DD
:1025700060882188401A10F5805F02DA6069401C8B
:1025800060614FF4B4716069484300EE100AB8EE20
:10259000C00AD4ED010A30EE200AD4ED060A30EE6E
:1025A000600A84ED040ABDE8F0810000ACFF333D11
:1025B0003433A3409899193E6666663FD0CCCC3D33
:1025C00010B510480068FFF76DFF0F48006880687D
:1025D00000780D49096809680978884211D10A48CC
:1025E00000688068407A084909680968897A8842E1
:1025F00007D1054A12689168034A1268106805F00D
:102600008BFC10BD74C001206CC0012090ED000A4D
:10261000D1ED000A20EE200AD0ED010A91ED011A59
:1026200000EE810AD0ED020A91ED021A00EE810A55
:10263000704772B600BFFEE770B50A480468001D17
:102640000568001D0668344454B108220649204636
:1026500004F07CFA042204491031284604F076FA8A
:1026600070BD0000107AFF1F8204002010B50246E2
:1026700092F82030012B01D0022B06D1106840695E
:10268000084314686061002010BD506A40F4802047
:1026900050620120F8E7F0B504460D461E4694F856
:1026A000207020688368A86800B900E000BF012F8F
:1026B00001D0022F7DD103F0806030B903F00060BB
:1026C00018B903F0805000287ED0C3F301610120C7
:1026D00088403060A86860B9B5F800C0E86840EA92
:1026E0004C5C206800F5C07000EB0110C0F800C021
:1026F0000FE0D5E901C040EACC00D5F80CC040EAB3
:102700000C00D4F800C00CF5C07C0CEB011CCCF81C
:102710000000D5F810C0206800F5C07000EB011073
:10272000C0F804C0287D01280ED1206800F5C070D3
:1027300000EB0110406840F4807C206800F5C07018
:1027400000EB0110C0F804C0D079000692F806C072
:1027500040EA0C4092F805C040EA0C2092F804C010
:1027600040EA0C00D4F800C00CF5C07C0CEB011C56
:10277000CCF80C00D078000692F802C040EA0C4079
:1027800092F801C040EA0C2092F800C040EA0C0028
:10279000D4F800C00CF5C07C0CEB011CCCF8080090
:1027A000206800F5C07000EB0110006840F0010CDB
:1027B00001E00FE008E0206800F5C07000EB0110B8
:1027C000C0F800C00020F0BD606A40F400106062F4
:1027D0000120F8E7606A40F4802060620120F2E79F
:1027E000F0B504460A4694F82050012D01D0022D80
:1027F0007ED1424901F50071086840F0010008608F
:10280000086820F47C5008600868566A40EA062090
:102810000860107D00F01F06012000FA06F3C86969
:102820009843C861A1F50071D069C8B9D1F80C020C
:102830009843C1F80C02908880B2968940EA064617
:1028400001F51070576940F83760108880B216891A
:1028500040EA064601F51070576900EBC700466074
:10286000D069012819D1D1F80C021843C1F80C0223
:10287000908880B2168840EA064601F510705769C4
:1028800040F83760908980B2168940EA064601F523
:102890001070576900EBC7004660906928B9D1F8FD
:1028A00004029843C1F8040204E0D1F8040218437A
:1028B000C1F80402106928B9D1F814029843C1F88C
:1028C000140204E0D1F814021843C1F81402106A8B
:1028D000012804D1D1F81C021843C1F81C02D1F818
:1028E000000220F00100C1F800020020F0BDFFE767
:1028F000606A40F4802060620120F7E700640040D5
:10290000704710B50246002092F82030012B01D00C
:10291000022B09D121B91468E46804F0030003E034
:102920001468246904F0030010BD70B5044694F8DF
:102930002050012D01D0022D7DD151B92068C068F1
:1029400000F0030080B9606A40F40010606201206A
:1029500070BD2068006900F0030028B9606A40F487
:10296000001060620120F3E7206800F5D87000EBEA
:102970000110006800F004009060906840B9206881
:1029800000F5D87000EB01100068400D106007E002
:10299000206800F5D87000EB01100068C008506096
:1029A000206800F5D87000EB0110006800F002000C
:1029B000D060206800F5D87000EB0110406800F08E
:1029C0000F00082802D30820106108E0206800F5F5
:1029D000D87000EB0110406800F00F001061206813
:1029E00000F5D87000EB0110406800F47F40000A49
:1029F0009061206800F5D87000EB01104068000C71
:102A00005061206800F5D87000EB011080681870E4
:102A1000206800F5D87000EB0110806800F47F405A
:102A2000000A5870206800F5D87000EB011080682B
:102A300000F47F0000E03CE0000C9870206800F596
:102A4000D87000EB01108068000ED870206800F587
:102A5000D87000EB0110C0681871206800F5D870BC
:102A600000EB0110C06800F47F40000A5871206834
:102A700000F5D87000EB0110C06800F47F00000C76
:102A80009871206800F5D87000EB0110C068000E46
:102A9000D87131B92068C06840F020002668F06025
:102AA00005E02068006940F02000266830610020C1
:102AB0004EE7606A40F480206062012048E70146EA
:102AC000002091F82020012A01D0022A11D10B68A0
:102AD0009B6803F0806303B1401C0B689B6803F0A4
:102AE000006303B1401C0B689B6803F0805303B183
:102AF000401C70472DE9F05F0446002520684669B8
:102B00002068D0F80490206887682068D0F80CA06E
:102B10002068D0F810B02068D0F8188006F00100C6
:102B2000002855D007F00100C0B10120216888605D
:102B300007F0020018B1204600F0BFFA0EE007F0DF
:102B4000040010B145F4006508E007F0080010B17A
:102B500045F4805502E0204600F0AEFA07F480709C
:102B6000C8B14FF480702168886007F4007018B114
:102B7000204600F0A4FA0EE007F4806010B145F49E
:102B8000005508E007F4006010B145F4804502E00C
:102B9000204600F093FA07F48030C8B14FF480303B
:102BA0002168886007F4003018B1204600F089FAE7
:102BB0000EE007F4802010B145F4004508E007F46A
:102BC000002010B145F4803502E0204600F078FA8C
:102BD00006F0080038B10AF0100020B145F4007585
:102BE00010202168C86006F0040040B10AF0080017
:102BF00028B108202168C860204600F01DFA06F0C0
:102C0000020038B12068C06800F0030010B120460F
:102C100000F013FA06F0400038B10BF0100020B1BC
:102C200045F4806510202168086106F0200040B15D
:102C30000BF0080028B1082021680861204600F048
:102C400003FA06F0100038B12068006900F00300B4
:102C500010B1204600F0F9F906F4003040B109F057
:102C6000100028B1102021684860204600F0F4F9D7
:102C700006F4803040B109F0080028B1082021682E
:102C80004860204600F01EFA06F4004088B309F0C0
:102C9000040078B306F4807020B108F0010008B198
:102CA00045F0010506F4007020B108F0020008B1FB
:102CB00045F0020506F4806020B108F0040008B178
:102CC00045F0040506F40060A0B108F0700088B17A
:102CD00008F07000402817D006DC10280BD0202800
:102CE0000CD0302819D10CE0502810D0602814D115
:102CF00010E01DE019E045F008050FE045F0100573
:102D00000CE045F0200509E045F0400506E045F0FF
:102D1000800503E045F4807500E000BF00BF206837
:102D2000806920F070002168886104202168486073
:102D30002DB1606A284360622046FFF7E1FDBDE8DF
:102D4000F09F70B504460CB9012070BD94F82000C6
:102D500010B9204600F0B0F82068006840F001008B
:102D60002168086000F0B8FC05460DE000F0B4FCF6
:102D7000401B0A2808D9606A40F4003060620520D0
:102D800084F820000120E0E72068406800F001009E
:102D90000028EBD02068006820F00200216808605D
:102DA00000F09AFC05460DE000F096FC401B0A2856
:102DB00008D9606A40F400306062052084F8200081
:102DC0000120C2E72068406800F002000028EBD133
:102DD000207E012806D12068006840F0800021682C
:102DE000086005E02068006820F080002168086025
:102DF000607E012806D12068006840F0400021680C
:102E0000086005E02068006820F040002168086044
:102E1000A07E012806D12068006840F020002168CB
:102E2000086005E02068006820F020002168086044
:102E3000E07E012806D12068006820F0100021689B
:102E4000086005E02068006840F010002168086014
:102E5000207F012806D12068006840F00800216822
:102E6000086005E02068006820F00800216808601C
:102E7000607F012806D12068006840F004002168C6
:102E8000086005E02068006820F004002168086000
:102E9000D4E9020108432169084361690843616874
:102EA000491E08432168C86100206062012084F83F
:102EB0002000002049E7000010B586B00446142128
:102EC00001A8FDF7A2FB56492068884249D1554820
:102ED0000068401C534908600846006801280FD16B
:102EE00000BF002000905048006840F000704E493C
:102EF00008600846006800F00070009000BF00BF46
:102F000000BF0020009048481038006840F00800DA
:102F10004549103908600846006800F00800009034
:102F200000BF00BF03200190022002900020039008
:102F3000032004900920059001A93C4800F0CCFA38
:102F400000220521142000F08FFC142000F078FCF2
:102F500000220521152000F087FC152000F070FCF0
:102F60005CE033492068884258D100BF00200090BF
:102F70002D48006840F080602B49086008460068D2
:102F800000F08060009000BF00BF26480068401C31
:102F9000244908600846006801280FD100BF0020BE
:102FA00000902148006840F000701F490860084602
:102FB000006800F00070009000BF00BF00BF00205C
:102FC000009019481038006840F002001649103986
:102FD00008600846006800F00200009000BF00BFD3
:102FE00060200190022002900020039003200490B2
:102FF0000920059001A90F4800F06EFA0022052172
:10300000402000F031FC402000F01AFC0022052195
:10301000412000F029FC412000F012FC06B010BD58
:10302000006400400000002040380240000C0240D4
:103030000068004000040240704710B504460021BB
:103040002046FEF7CDF910BD704710B504460121AA
:103050002046FEF7C5F910BD704770B5044694F8D8
:103060002000012822D1022084F820002068006876
:1030700020F001002168086000F02EFB05460DE0FD
:1030800000F02AFB401B0A2808D9606A40F400308F
:103090006062052084F82000012070BD206840682F
:1030A00000F001000028EBD16062F6E7606A40F4AE
:1030B000002060620120F0E770477047704770475A
:1030C000704770477047014691F83500022803D0D9
:1030D0008020486501207047052081F83500086888
:1030E000006820F001000A6810600020F3E700008B
:1030F000F8B50446002000908C4800684FF4165143
:10310000B0FBF1F7A56D2E6894F85C10082088409C
:10311000304098B12068006800F0040070B1206869
:10312000006820F004002168086094F85C10082012
:103130008840A860606D40F00100606594F85C1004
:1031400001208840304068B12068406900F080006C
:1031500040B194F85C1001208840A860606D40F098
:103160000200606594F85C1004208840304068B12B
:103170002068006800F0020040B194F85C10042060
:103180008840A860606D40F00400606594F85C10B1
:1031900010208840304078B32068006800F00800B4
:1031A00050B394F85C1010208840A8602068006834
:1031B00000F4802080B12068006800F4002028B965
:1031C000206CC8B12046216C884715E0A06C98B1EE
:1031D0002046A16C88470FE02068006800F48070EA
:1031E00028B92068006820F0080021680860206C79
:1031F00010B12046216C884794F85C10202088404C
:103200003040002865D02068006800F010000028D9
:103210005FD094F85C1020208840A86094F83500B6
:10322000052828D12068006820F016002168086071
:103230002068406920F0800021684861206C08B94E
:10324000A06C28B12068006820F0080021680860A0
:1032500094F85C103F208840A860012084F8350075
:1032600000BF002084F8340000BF206D10B120465C
:10327000216D8847F8BD2068006800F4802080B187
:103280002068006800F4002028B9606C10B1204666
:10329000616C88471DE0E06BD8B12046E16B884740
:1032A00017E02068006800F4807068B92068006842
:1032B00020F0100021680860012084F8350000BF6C
:1032C000002084F8340000BFE06B10B12046E16BB1
:1032D0008847606D38B3606D00F00100F0B10520E3
:1032E00084F835002068006820F00100216808603B
:1032F00000BF0098401C0090B84200D905E020684B
:10330000006800F001000028F3D100BF012084F81C
:10331000350000BF002084F8340000BFE06C10B11D
:103320002046E16C884700BFA4E700001CC00120D4
:103330002DE9F0410446002500F0CEF9074614B906
:103340000120BDE8F081606A00B100BF022084F86E
:10335000350000BF002084F8340000BF20680068FA
:1033600020F00100216808600AE000F0B5F9C01BF8
:10337000052805D920206065032084F83500E0E7A2
:103380002068006800F001000028EED12068056880
:1033900021480540D4E901010843E1680843216957
:1033A000084361690843A1690843E1690843216A48
:1033B00008430543606A042803D1D4E90B0108439C
:1033C0000543206805602068456925F00705606AA7
:1033D0000543606A04280DD1A06A0543E06A48B13C
:1033E0002046FEF76BFE28B140206065012084F87E
:1033F0003500A6E7206845612046FEF745FE0646F3
:1034000094F85C103F208840B06000206065012087
:1034100084F83500002094E73F8010F02DE9F04754
:1034200004460D4616461F464FF00008D4F8589043
:1034300000BF94F83400012802D10220BDE8F087D3
:10344000012084F8340000BF94F83500012825D10C
:10345000022084F83500002060653B46324629464C
:103460002046FEF780FE94F85C103F208840C9F8A3
:1034700008002068006840F0160021680860206C91
:1034800028B12068006840F00800216808602068C2
:10349000006840F001002168086006E000BF0020DD
:1034A00084F8340000BF4FF002084046C6E7000031
:1034B00070B5044600F010F906462546681C10B1A8
:1034C00004480078054400BF00F006F9801BA842BC
:1034D000FAD370BD18C00120F8B502460B4600258E
:1034E000002400200021D6E0012606FA01F51E681E
:1034F00006EA0504AC4274D11E7906F00306012EDB
:1035000004D01E7906F00306022E13D190684F00F6
:103510000326BE40B0434F00DE68BE40304390609B
:10352000506801268E40B0431E79C6F300168E40C7
:10353000304350601E7906F00306032E09D0D06890
:103540004F000326BE40B0434F009E68BE4030434C
:10355000D0601E7906F00306022E13D1CF0802F1C7
:10356000200656F827004E07F70E0F26BE40B04340
:103570004F07FF0E1E69BE403043CF0802F1200600
:1035800046F8270010684F000326BE40B0431E795E
:1035900006F003064F00BE40304310605E6806F43C
:1035A0004036002E76D000BF002600963C4E36688E
:1035B00046F480463A4F3E603E46366806F4804602
:1035C000009600BF00BF374E8F0856F827008E07C1
:1035D000370F0F26BE40B043334EB24202D1002611
:1035E00024E057E0314EB24201D101261EE0304EB8
:1035F000B24201D1022619E02E4EB24201D1032679
:1036000014E02D4EB24201D104260FE02B4EB242FF
:1036100001D105260AE02A4EB24201D1062605E074
:10362000284EB24201D1072600E008268F073F0F3F
:10363000BE4030431B4E8F0846F82700224E3068AC
:10364000A0435E6806F4801606B120431E4E30602B
:10365000361D3068A0435E6806F4001606B12043AC
:10366000194E361D3060184E361F3068A0435E6814
:1036700006F4003606B12043134E361F3060361F65
:103680003068A0435E6806F4803606B120430E4ED3
:10369000083E3060491C1029FFF426AFF8BD000039
:1036A0004438024008380140000002400004024053
:1036B00000080240000C02400010024000140240CA
:1036C00000180240001C0240083C01400AB1816120
:1036D00001E00B04836170470148006870470000F7
:1036E00010C00120034800680349097808440149D3
:1036F0000860704710C0012018C0012010B50D48A7
:10370000006840F400700B4908600846006840F407
:10371000806008600846006840F4807008600320FC
:1037200000F0E0F80F2000F007F800F05FF800204C
:1037300010BD0000003C02402DE9F04188B0044675
:103740000027B84600BF002001902348006840F4DD
:103750008070214908600846006800F4807001907C
:1037600000BF00BF02A903A801F064F8069F1FB9BB
:1037700001F088F8054602E001F084F8450017489A
:10378000B5FBF0F0A0F1010815481649086040F2B9
:10379000E7311448C160C0F80480002101618160F4
:1037A000816101F023FE064696B90E4801F06CFED9
:1037B00006466EB92D2000F043F8102C07D20022E7
:1037C00021462D2000F050F80748046000E0012653
:1037D000304608B0BDE8F0814038024040420F005A
:1037E00000200040EC0A002014C0012008B500BFF2
:1037F000002000901148006840F480400F490860A4
:103800000846006800F48040009000BF00BF00BF81
:1038100000200090081F006840F08050091F0860D9
:103820000846006800F08050009000BF00BF0022F2
:103830000F21901E00F018F808BD00004438024027
:103840000146084600280DDB00BF00BF00F01F0343
:1038500001229A4043099B0003F1E023C3F80021B1
:1038600000BF00BF00BF70472DE9F05F80460D46E6
:103870001646002707F046FE074639462A463346D5
:1038800001F00700C0F1070ABAF1040F02D94FF0A6
:10389000040A01E0C0F1070AD14600F1040ABAF1B6
:1038A000070F02D24FF0000A01E0A0F1030AD4464C
:1038B0004FF0010A0AFA09FAAAF1010A0AEA020A11
:1038C0000AFA0CFA4FF0010B0BFA0CFBABF1010BEF
:1038D0000BEA030B4AEA0B042146404607F01AFEA6
:1038E000BDE8F09F00BF00F00702064B19684FF6D5
:1038F000FF031940044B0B4343EA0221014B1960BB
:1039000000BF70470CED00E00000FA05704702466A
:103910001068416200207047F0B5034615461868EC
:10392000446A21B944EA05401E68B06219E018688B
:10393000806A04EB1044002208E0186800F58270E9
:1039400050F8220004EB1044501CC2B2481E9042B2
:10395000F3D844EA0547186800F582704E1E40F817
:1039600026700020F0BD10B50446D4F8E00406F03F
:1039700094F810BD70B504460D4605EBC50304F17F
:10398000140101EB8301CA682946D4F8E00405F06C
:1039900077FF70BD70B504460D4605EBC50304F511
:1039A000157101EB8301CA682946D4F8E00405F0DB
:1039B000EFFF70BD10B50446D4F8E00406F070F8CF
:1039C00010BD2DE9F04104460D4605F08000802829
:1039D00008D105F00F0000EBC00104F1140000EB6A
:1039E000810607E005F00F0000EBC00104F515703B
:1039F00000EB81063146206807F0A8FA07463846F2
:103A0000BDE8F08170B504460E4606F080008028BF
:103A10000AD106F00F0000EBC00104F1140000EB26
:103A200081050120687009E006F00F0000EBC0017D
:103A300004F5157000EB81050020687006F00F009A
:103A4000287000BF94F89404012801D1022070BDB1
:103A5000012084F8940400BF2946206806F004FE83
:103A600000BF002084F8940400BF00BFEFE770B5EA
:103A700004460E4606F00F002179884201D9012044
:103A800070BD06F0800080280AD106F00F0000EB20
:103A9000C00104F1140000EB81050120687009E009
:103AA00006F00F0000EBC00104F5157000EB810576
:103AB000002068700020A87006F00F00287000BF7A
:103AC00094F89404012801D10220D9E7012084F858
:103AD000940400BF2946206806F0C4FF00BF002000
:103AE00084F8940400BF00BFCAE7024601F00F004B
:103AF00000EBC00302F5157000EB830040697047CE
:103B00002DE9F04705460E4690461F464FF0000946
:103B100006F0800080280AD106F00F0000EBC001FB
:103B200005F1140000EB81040120607009E006F04B
:103B30000F0000EBC00105F5157000EB81040020BB
:103B4000607006F00F002070C8F30A00A0602771B3
:103B5000607808B120786083022F01D10020607165
:103B600000BF95F89404012802D10220BDE8F08737
:103B7000012085F8940400BF2146286806F080FCE7
:103B800000BF002085F8940400BF4846EEE72DE909
:103B9000F04105460E461746984606F00F0000EB2A
:103BA000C00105F5157000EB8104E760C4F81080D2
:103BB00000206061607006F00F002070A879012875
:103BC00000D1E761AA792146286806F0DFFF0020CE
:103BD000BDE8F08170B504460D4605F00F0021796F
:103BE000884201D9012070BD05F0800080280AD1EB
:103BF00005F00F0000EBC00104F1140000EB81069A
:103C00000120707007E005EBC50104F5157000EBAD
:103C10008106002070700120B07005F00F00307038
:103C200000BF94F89404012801D10220DBE70120B1
:103C300084F8940400BF3146206806F05AFF05F06E
:103C40000F0028B9A17904F29C42206806F0D2FE48
:103C500000BF002084F8940400BF00BFC3E72DE933
:103C6000F04105460E461746984606F00F0000EB59
:103C7000C00105F1140000EB8104E760C4F8108076
:103C8000002060610120607006F00F002070A879AC
:103C9000012800D1E761AA792146286806F076FF5D
:103CA0000020BDE8F0812DE9FE4F0446D4F800B0B5
:103CB0005E46206807F02CFA002874D1206807F0CF
:103CC00091FA08B9BDE8FE8F40F608008059C0F3AC
:103CD0000D20C4F8D404206807F084FA00F0020034
:103CE000022805D12068406900F00200216848617F
:103CF000206807F077FA00F01000102845D12068FE
:103D0000806920F0100021688861DBF8209009F0BC
:103D10000F0000EBC00104F5157000EB810AC9F338
:103D2000434002281AD147F6F07009EA000030B388
:103D3000C9F30A125846DAF80C1007F058FAC9F31A
:103D40000A11DAF80C000844CAF80C00C9F30A1189
:103D5000DAF814000844CAF8140010E0C9F343402C
:103D600006280CD1082204F29C41584607F03FFA7D
:103D7000C9F30A11DAF814000844CAF814002068DC
:103D8000806940F0100021688861206807F02AFAF5
:103D900000F40020B0F5002F7BD10025206807F04B
:103DA000F1F9029072E0E1E2029800F001000028CF
:103DB00068D0E9B2206807F008FA804608F00100F0
:103DC00048B1012106F5306000EB451081602946BD
:103DD000204603F087FE08F00800082809D10821D2
:103DE00006F5306000EB451081602946204603F05F
:103DF00047FE08F01000102805D1102106F53060AC
:103E000000EB4510816008F00200022824D1DBF8A5
:103E1000140000F08000802807D140F6040080598B
:103E200040F4806140F60400815105EBC50104F5C2
:103E3000157000EB810A9AF80300012806D10020D2
:103E40008AF80300E9B2204600F09BFA022106F549
:103E5000306000EB4510816008F02000202805D17B
:103E6000202106F5306000EB4510816008F4005019
:103E7000B0F5005F06D14FF4005106F5306000EB5D
:103E8000451081606D1C029840080290029800283D
:103E90008AD1206807F0A6F900F48020B0F5802FC1
:103EA0007DD1206807F064F9029000259AE002981D
:103EB00000F00100002873D0E9B2206807F06CF927
:103EC000804608F00100F0B305F00F0101208840A2
:103ED000019040F634008159019821EA000040F633
:103EE00034018851012106F5106000EB4510816016
:103EF000A079012824D105EBC50104F1140000EBE1
:103F0000810005EBC502C16804F1140000EB8200DA
:103F10008068014405EBC50204F1140000EB820047
:103F2000C1606DB905EBC50104F1140000EB81001F
:103F3000006928B904F29C420121206806F05AFD6C
:103F4000E9B2204600E001E0FFF714FD08F00800A8
:103F5000082805D1082106F5106000EB45108160A6
:103F600008F01000102805D1102106F5106000EBB4
:103F70004510816008F04000402805D1402106F539
:103F8000106000EB4510816008F0020002281DD18E
:103F90002946584607F07FF805EBC50101E025E00A
:103FA0001CE004F1140000EB810A9AF803000128D8
:103FB00006D100208AF80300E9B2204600F0D8F9C3
:103FC000022106F5106000EB4510816008F08000CA
:103FD000802803D12946204603F026FE6D1C029856
:103FE00040080290029800287FF461AF206807F033
:103FF000F9F800F00040B0F1004F1CD140F6040089
:10400000805920F0010140F60400815194F8CC045D
:10401000012807D1002084F8CC0400212046FFF7B6
:1040200075FC02E0204600F0D1FA2068406900F0FB
:10403000004021684861206807F0D4F800F400606F
:10404000B0F5006F0ED140F60800805900F0010075
:1040500010B1204600F012FB2068406900F40060B7
:1040600021684861206807F0BDF800F48050B0F581
:10407000805F7ED140F60400805920F0010140F6B7
:10408000040081511021206807F005F8002732E074
:104090004FF67F3106F5106000EB4710816006F5A2
:1040A000106000EB4710006820F4001106F5106066
:1040B00000EB471001604FF67F3106F5306000EBF2
:1040C0004710816006F5306000EB4710006820F46F
:1040D000001106F5306000EB4710016006F5306016
:1040E00000EB4710006840F0006106F5306000EB1F
:1040F000471001607F1C2079B842C9D840F61C00E7
:10410000805940F0011140F61C008151E07B70B1F4
:10411000D6F8840840F00B01C6F8841840F6440035
:10412000805940F00B0140F6440081510FE040F609
:104130001400805942F22B01084340F614018851C3
:10414000081F805940F00B014FF401608151D6F8EF
:10415000000820F4FE60C6F80008A17904F29C4231
:10416000206806F047FC2068406900F48050216810
:1041700000E000E04861206807F034F800F40050E7
:10418000B0F5005F17D1206806F0E2F9206806F06C
:10419000ACFFE07100F070FB0090E27920680099BC
:1041A00007F0D6F8204600F0F9F92068406900F4DD
:1041B000005021684861206807F014F800F00800FA
:1041C000082808D1204600F008FA2068406900F06D
:1041D000080021684861206807F004F800F08000BA
:1041E000802818D1DBF8180020F08000CBF81800E8
:1041F00001250DE005EBC50104F5157000EB81000C
:10420000C078012803D1E9B22046FFF7DAFB6D1C24
:104210002079A842EED8206806F0E4FF00F4801070
:10422000B0F5801F2DD1012522E006F5106000EBCE
:104230004510D0F8009005EBC50104F1140000EB27
:1042400081000079012812D109F00040B0F1004F3F
:104250000DD1012105EBC50204F1140000EB820031
:10426000C170E8B240F080012046FFF7AAFB6D1C48
:104270002079A842D9D82068406900F480102168CC
:104280004861206806F0AEFF00F40010B0F5001F92
:1042900044D1012538E006F5306000EB4510D0F838
:1042A000009005EBC50104F5157000EB8100007965
:1042B000012828D109F00040B0F1004F23D194F833
:1042C000D40400F00100C9F3004188421BD1012150
:1042D00005EBC50204F5157000EB8200C170DBF838
:1042E000180040F08000CBF81800DBF8140000F054
:1042F000800040B940F60400805940F4007140F657
:104300000400815103E06D1C2079A842C3D800BF8E
:104310002068406900F4001021684861206806F0B8
:1043200061FF00F08040B0F1804F08D12046FFF7D8
:104330001AFB2068406900F08040216848612068CD
:1043400006F050FF00F0040004280FD12068D0F8D8
:10435000049009F00400042802D12046FFF72AFB4C
:104360002068406840EA09002168486000BFA9E46D
:1043700070B504460D462946D4F8E00405F0FCFB70
:1043800070BD70B504460D462946D4F8E00405F02A
:1043900017FC70BDF8B504460CB90120F8BD2668BD
:1043A00094F8950428B9002084F89404204600F07D
:1043B000A1F8032084F89504B6F1A04F01D10021A3
:1043C000A171206806F00EFB207C8DF8000094E8B7
:1043D0000F0006F0D1F820B1022084F895040120E6
:1043E000DCE70021206806F061FF20B1022084F89C
:1043F00095040120D2E7002531E0012105EBC5023B
:1044000004F1140000EB8200417005EBC50104F1DA
:10441000140000F8215005EBC50100EB8100458335
:10442000002105EBC50204F1140000EB82000171CC
:1044300005EBC50204F1140000EB8200816005EB7E
:10444000C50204F1140000EB8200C16005EBC50257
:1044500004F1140000EB82000161681CC5B22079F0
:10446000A842CADC00252AE0002105EBC50204F5BC
:10447000157000EB8200417005EBC50104F5157065
:1044800000F82150002105EBC50200EB820001710C
:1044900005EBC50204F5157000EB8200816005EBA9
:1044A000C50204F5157000EB8200C16005EBC50282
:1044B00004F5157000EB82000161681CC5B220791B
:1044C000A842D1DC207C8DF8000094E80F0006F0B3
:1044D00095F920B1022084F8950401205EE70020C0
:1044E0006074012084F89504206806F075F90020B6
:1044F00054E7000010B586B00446142101A8FCF76B
:1045000084F82068B0F1A04F42D100BF0020009095
:104510002048006840F001001E4908600846006815
:1045200000F00100009000BF00BF4FF4C0500190A8
:104530000220029000200390032004900A2005909E
:1045400001A91548FEF7C8FF00BF1248001D00680A
:1045500040F080000F49091D086000BF0020009056
:104560000C481430006840F480400A491431086057
:104570000846006800F48040009000BF00BF00BF04
:10458000002205214320FFF76FF94320FFF758F978
:1045900006B010BD303802400000024070B504463D
:1045A0000125E07908B9002506E0E079022801D16B
:1045B000012501E0FEF73DF82946D4F8E00405F0B6
:1045C000A9FBD4F8E00405F04FFB70BD10B504461C
:1045D000D4F8E00405F07FFB10BD10B50446D4F814
:1045E000E00405F083FB10BD70B504460D4600BF26
:1045F00094F89404012801D1022070BD012084F8B0
:10460000940400BF65742946206806F083FE00BF4D
:10461000002084F8940400BF00BFEEE710B5044604
:1046200004F29C41D4F8E00405F08BFB10BD70B59A
:104630000446256800BF94F89404012801D10220A3
:1046400070BD012084F8940400BFE86800F04000C9
:1046500030B1607B012803D1A86B40F48030A8639F
:10466000206806F0E9FC206806F0A4F800BF0020EE
:1046700084F8940400BF00BFE2E7000010B50446D0
:10468000D4F8E00405F0BAFB2068D0F8000E40F042
:1046900001002168C1F8000EE07A28B103480068E3
:1046A00040F006000149086010BD000010ED00E078
:1046B00070B504460D460CB9012070BD584800681D
:1046C00000F00700A84209D255490D70084600685D
:1046D00000F00700A84201D00120EEE7207800F0AA
:1046E000020002281DD1207800F00400042805D122
:1046F0004C48006840F4E0504A490860207800F0D7
:104700000800082805D14748006840F46040454942
:1047100008604448006820F0F000A168084341495F
:104720000860207800F00100A8B36068012807D174
:104730003C4808380068C0F34040B8B90120BCE7E5
:104740006068022802D06068032807D1354808381D
:104750000068C0F3406048B90120AEE7314808382E
:104760000068C0F3400008B90120A6E72D480068A2
:1047700020F00300616808432A490860FEF7ACFF97
:10478000064609E0FEF7A8FF801B41F28831884207
:1047900002D9032091E707E02248006800F00C00EE
:1047A0006168B0EB810FEDD11D48006800F0070093
:1047B000A84209D91A490D700846006800F00700A0
:1047C000A84201D0012078E7207800F004000428F6
:1047D00007D11448006820F4E050E168084311490B
:1047E0000860207800F00800082808D10D4800680B
:1047F00020F46040216940EAC1000A49086000F0E5
:1048000061F808490968C1F30311074A515CC840BF
:104810000649086006480068FEF78EFF00204CE756
:10482000003C02400838024094DD00081CC0012012
:1048300014C001200F2202600D4A126802F0030228
:1048400042600B4A126802F0F0028260084A126865
:1048500002F4E052C260064A126802F46042D208D2
:104860000261044A126802F007020A607047000001
:1048700008380240003C02400148006870470000D0
:104880001CC0012000B5FFF7F7FF04490968C1F318
:104890008221034A515CC84000BD00000838024034
:1048A000A4DD000800B5FFF7E7FF04490968C1F37C
:1048B0004231034A515CC84000BD00000838024044
:1048C000A4DD00082DE9F047002400250026A146BC
:1048D0002548006800F00C0020B1042805D0082805
:1048E0003AD105E0DFF8849039E0DFF8849036E0D3
:1048F0001D48001F006800F03F041B48001F0068AF
:1049000000F4800078B11A481749091F0968C1F3FB
:104910008811A0FB01700146224600233846FBF7B0
:1049200064FD05460EE011480F49091F0968C1F3EF
:104930008811A0FB01700146224600233846FBF790
:1049400054FD05460848001F0068C0F30140401CA4
:104950004600B5FBF6F902E0DFF8109000BF00BF9B
:104960004846BDE8F0870000083802400024F40003
:10497000001BB700F8B504460CB90120F8BD20783B
:1049800000F00100002874D0F948006800F00C0025
:1049900004280DD0F648006800F00C00082813D158
:1049A000F348001F006800F48000B0F5800F0BD1C1
:1049B000EF4808380068C0F34040002859D06068CC
:1049C000002856D10120D9E700BF6068B0F5803FCC
:1049D00008D1E7480838006840F48030E4490839D5
:1049E00008601EE06068B0F5A02F0DD1E0480838DF
:1049F000006840F48020DE490839086008460068F5
:104A000040F4803008600CE0D9480838006820F491
:104A10008030D749083908600846006820F48020B3
:104A2000086000BF606890B1FEF756FE054606E0DC
:104A3000FEF752FE401B642801D903209EE7CC48B4
:104A400008380068C0F340400028F1D011E0FEF7BC
:104A500043FE054606E0FEF73FFE401B642801D9F1
:104A600003208BE7C24808380068C0F340400028A4
:104A7000F1D1207800F0020002285FD1BC48006824
:104A800000F00C0058B1BA48006800F00C0008288B
:104A90001CD1B748001F006800F48000B0B9B448CA
:104AA00008380068C0F3400020B1E068012801D058
:104AB000012063E7AE480838006820F0F80021695B
:104AC00040EAC100AA490839086037E0E06800B34D
:104AD0000120A8490860FEF7FFFD054606E0FEF745
:104AE000FBFD401B022801D9032047E7A0480838F6
:104AF0000068C0F340000028F1D09D4808380068E5
:104B000020F0F800216940EAC1009949083908609D
:104B100014E0002097490860FEF7DEFD054606E038
:104B2000FEF7DAFD401B022801D9032026E7904852
:104B300008380068C0F340000028F1D1207800F068
:104B4000080008282CD16069A8B101208A490860B2
:104B5000FEF7C2FD054606E0FEF7BEFD401B02283B
:104B600001D903200AE782486C300068C0F3400096
:104B70000028F1D014E000207F490860FEF7ACFD6A
:104B8000054606E0FEF7A8FD401B022801D90320D8
:104B9000F4E677486C300068C0F340000028F1D19B
:104BA000207800F00400042870D1002770483830C5
:104BB000006800F0805090B900BF002000906C4861
:104BC0003830006840F08050694938310860084644
:104BD000006800F08050009000BF00BF01276748C8
:104BE000006800F48070B0B96448006840F48070D8
:104BF00062490860FEF770FD054606E0FEF76CFDB1
:104C0000401B022801D90320B8E65C48006800F484
:104C100080700028F2D000BFA068012808D1544855
:104C20006830006840F001005149683108601DE0BB
:104C3000A06805280DD14E486830006840F0040097
:104C40004B49683108600846006840F00100086080
:104C50000CE047486830006820F0010044496831A2
:104C600008600846006820F00400086000BFA068E3
:104C7000A8B1FEF731FD054609E0FEF72DFD401B0A
:104C800041F28831884202D9032077E626E038488D
:104C900068300068C0F340000028EED013E0FEF753
:104CA0001BFD054608E0FEF717FD401B41F2883169
:104CB000884201D9032061E62D4868300068C0F3BE
:104CC00040000028EFD1012F07D129483830006873
:104CD00020F0805026493831086000BFA0690028C4
:104CE00045D02348006800F00C0008285DD0A0697A
:104CF000022845D100201F490866FEF7EDFC054655
:104D000006E0FEF7E9FC401B022801D9032035E646
:104D1000174808380068C0F340600028F1D1D4E992
:104D200007010843616A40EA81110122A06AC2EBCF
:104D3000500041EA00412C20005D41EA00600C492E
:104D4000091F086001200B490866FEF7C5FC0546EF
:104D500006E0FEF7C1FC401B022801D903200DE646
:104D6000034808380068C0F340600028F1D049E0EB
:104D70000838024000004742800E47420070004061
:104D8000002021490866FEF7A7FC054606E0FEF76D
:104D9000A3FC401B022801D90320EFE51B48006853
:104DA000C0F340600028F2D12CE0A069012800D1B6
:104DB000E4E51648001D0668A069012820D006F425
:104DC0008001E06981421BD106F03F01206A8142E7
:104DD00016D147F6C0703040616AB0EB811F0FD129
:104DE00006F440310122A06AC2EB5000B1EB004F43
:104DF00006D106F070612C20005DB1EB006F01D090
:104E00000120BBE50020B9E5000047420038024020
:104E100070470000F8B50446206846682068856839
:104E2000C5F3801048B905F0010030B1C6F3801019
:104E300018B12046216C8847F8BDC5F3400030B159
:104E4000C6F3C01018B12046616C8847F4E7C5F37B
:104E5000401030B9C5F3801018B9C5F30020002800
:104E60007CD0C6F3401000287DD0C5F38010F0B18F
:104E700094F8510003280ED0606D40F00400606586
:104E800000BF002000902068C06800902068806803
:104E9000009000BF0BE000BF002000902068C068B9
:104EA000009020688068009000BF00BFC4E7C5F391
:104EB000401088B1606D40F00100606500BF0020C7
:104EC00000902068806800902068006820F0400012
:104ED0002168086000BF00BFC5F3002058B1606DB5
:104EE00040F00800606500BF0020009020688068E6
:104EF000009000BF00BF606D78B32068406820F06C
:104F0000E00021684860012084F8510006F00200AA
:104F1000022802D006F0010008B32068406820F0A3
:104F2000030021684860E06C50B11048E16C0865EE
:104F3000E06CFEF7C8F818B1606D40F040006065A5
:104F4000A06C50B10948A16C0865A06CFEF7BBF8D5
:104F500018B1606D40F04000606503E003E020465A
:104F6000FFF756FF68E700BF66E70000E57F00082F
:104F700010B504460CB9012010BD606A38B96068EC
:104F8000B0F5827F00D105E00021E16102E000215F
:104F9000216161610021A16294F8510028B90020CB
:104FA00084F85000204600F047F8022084F85100B1
:104FB0002068006820F0400021680860A08800F4A4
:104FC0008270218901F404410843A18901F4006140
:104FD0000843217C01F002010843217D01F0010119
:104FE0000843218B01F400710843217F01F038014F
:104FF00008432021095D01F080010843218D01F45F
:1050000000510843216808600421A06901EA1040AA
:1050100094F8241001F010010843216848602068CA
:10502000C06920F400602168C8610020606501202B
:1050300084F8510000209FE710B586B00446142183
:1050400001A8FBF7E2FA4F49206888427ED100BFF1
:10505000002000904C48006840F480504A490860A5
:105060000846006800F48050009000BF00BF00BFF9
:105070000020009044481438006840F00200424983
:10508000143908600846006800F00200009000BF74
:1050900000BF00BF002000900846006840F00100FB
:1050A00008600846006800F00100009000BF00BFE3
:1050B0001820019002200290012003900320049008
:1050C0000520059001A93148FEF706FA80200190DD
:1050D00002200290012003900320049005200590F7
:1050E00001A92B48FEF7F8F92A482B4908604FF030
:1050F000C0604860002128488160C1604FF4806131
:105100000161002141618161C1610162042141624B
:10511000032181620021C1620163FEF709F908B130
:10512000FDF787FA00BF1C48E064846300BF19489C
:1051300048301A4908604FF0C06048604021174865
:1051400081600021C1604FF4806100E018E00161DE
:10515000002141618161C16101624162FEF7E8F8AD
:1051600008B1FDF766FA00BF0C48A064846300BF75
:10517000002205212320FEF777FB2320FEF760FBAA
:1051800006B010BD00300140443802400004024027
:1051900000000240106402404C080020AC080020CF
:1051A0002DE9FE4F04460F4690461D460C9E0120F9
:1051B0000190FEF791FA814694F851B06068029030
:1051C000AA46BBF1010F0BD00298B0F5827F04D143
:1051D000A06810B9BBF1040F02D00220BDE8FE8F19
:1051E0001FB1B8F1000F00D00DB90120F6E700BFE4
:1051F00094F85000012801D10220EFE7012084F843
:10520000500000BF94F85100042802D0052084F813
:10521000510000206065C4F83880E587A5872763C2
:10522000E586A586206460642068006800F0400080
:10523000402805D02068006840F0400021680860E0
:10524000E068B0F5006F52D1606810B1BAF1010F9B
:1052500009D1206B00882168C860206B801C206306
:10526000E08E401EE0863BE02068806800F002008F
:10527000022810D1E08E70B1019801280BD1206B6B
:1052800000882168C860206B801C2063E08E401E6F
:10529000E086002001902068806800F0010068B17D
:1052A000E08F58B12068C068A16B0880A06B801C9B
:1052B000A063E08F401EE08701200190FEF70CFA0A
:1052C000A0EB0900B0420BD3701C48B1012084F858
:1052D000510000BF002084F8500000BF03207DE78C
:1052E000E08E0028C0D1E08F0028BDD152E0606878
:1052F00010B1BAF1010F09D1206B00782168087351
:10530000206B401C2063E08E401EE0863CE020685D
:10531000806800F00200022810D1E08E70B1019880
:1053200001280BD1206B007821680873206B401C8A
:105330002063E08E401EE086002001902068806897
:1053400000F0010068B1E08F58B12068C068A16B1F
:105350000870A06B401CA063E08F401EE087012016
:105360000190FEF7B9F9A0EB0900B04201D3701C1F
:1053700000B94EB9012084F8510000BF002084F824
:10538000500000BF032029E7E08E0028BFD1E08F46
:105390000028BCD14A463146204602F02DFE40B1DD
:1053A0002020606500BF002084F8500000BF01206D
:1053B00014E7A06850B900BF002000902068C068C2
:1053C000009020688068009000BF00BF012084F832
:1053D000510000BF002084F8500000BF606D08B18C
:1053E0000120FBE60020F9E67047704710B504463F
:1053F0000CB9012010BD94F83D0028B9002084F8B4
:105400003C00204600F026F8022084F83D00211DD3
:10541000206802F065FF012084F8460000BF84F890
:105420003E0001213F2001554020015541200155FA
:1054300000BF00BF012084F84200432001554420F2
:1054400001554520015500BF012084F83D00002092
:10545000D0E7000008B50A4A016891420FD100BFA9
:10546000002100910749096841F40031054A1160A3
:105470001146096801F40031009100BF00BF08BD6A
:105480000044014044380240014691F83D000128A3
:1054900001D001207047022081F83D000868C068F3
:1054A00040F001000B68D8601A4B086898421BD086
:1054B0000868B0F1804F17D0174B0868984213D096
:1054C000164B086898420FD0154B086898420BD0CD
:1054D000144B0868984207D0134B0868984203D0D1
:1054E000124B086898420CD10868806800F00702E7
:1054F000062A0CD00868006840F001000B681860AC
:1055000005E00868006840F001000B6818600020A2
:10551000C0E7000000000140000400400008004017
:10552000000C004000040140004001400018004011
:10553000704770B504462068C5682068066906F0A3
:105540000200022819D105F00200022815D1401FDF
:1055500021680861012020772068806900F003003D
:1055600018B12046FFF7E4FF05E0204600F0C8F838
:10557000204600F07CF90020207706F00400042883
:1055800019D105F00400042815D1C0432168086131
:10559000022020772068806900F4407018B120460E
:1055A000FFF7C6FF05E0204600F0AAF8204600F00D
:1055B0005EF90020207706F00800082819D105F0D0
:1055C0000800082815D1C04321680861042020770D
:1055D0002068C06900F0030018B12046FFF7A8FF5B
:1055E00005E0204600F08CF8204600F040F900204D
:1055F000207706F01000102819D105F010001028AF
:1056000015D1C04321680861082020772068C0694F
:1056100000F4407018B12046FFF78AFF05E02046ED
:1056200000F06EF8204600F022F90020207706F006
:10563000010048B105F0010030B16FF001002168B0
:105640000861204600F09AF906F08000802809D110
:1056500005F08000802805D1C043216808612046FC
:10566000FFF7C2FE06F04000402809D105F04000D7
:10567000402805D1C04321680861204600F08AF91E
:1056800006F02000202809D105F02000202805D1AF
:10569000C043216808612046FFF7A7FE70BD0000E7
:1056A00010B586B00446142101A8FAF7AEFF1149DF
:1056B000206888421CD100BF002000900E4800687E
:1056C00040F020000C4908600846006800F0200007
:1056D000009000BF00BF40200190022002900020F7
:1056E000039004900320059001A90448FDF7F4FEFF
:1056F00006B010BD004401403038024000140240A2
:1057000070472DE9F04104460D461646002700BFBC
:1057100094F83C00012802D10220BDE8F08101206C
:1057200084F83C0000BF36B1042E1BD0082E31D0C7
:105730000C2E5ED145E02946206802F053FE206819
:10574000806940F00800216888612068806920F045
:1057500004002168886120688069296908432168FC
:10576000886148E02946206802F074FE206880695C
:1057700040F40060216888612068806920F48060BE
:105780002168886120688069296940EA01202168D0
:10579000886130E02946206802F09AFE2068C069DE
:1057A00040F008002168C8612068C06920F004004A
:1057B0002168C8612068C069296908432168C861F7
:1057C00019E02946206802F0BFFE2068C06940F455
:1057D00000602168C8612068C06920F48060216889
:1057E000C8612068C069296940EA01202168C86150
:1057F00001E0012700BF00BF00BF002084F83C008B
:1058000000BF384689E710B504460CB9012010BD29
:1058100094F83D0028B9002084F83C00204600F0B0
:1058200025F8022084F83D00211D206802F058FD73
:10583000012084F8460000BF84F83E0001213F208B
:105840000155402001554120015500BF00BF0120F6
:1058500084F842004320015544200155452001555C
:1058600000BF012084F83D000020D0E7704770475A
:1058700070B504460D4615B994F83E000BE0042DB2
:1058800002D13F20005D06E0082D02D14020005DDE
:1058900001E04120005D012801D0012070BD1DB94B
:1058A000022084F83E000EE0042D03D102213F20A7
:1058B000015508E0082D03D102214020015502E0E6
:1058C00002214120015501222946206802F078FD7D
:1058D00023492068884203D022492068884201D1A8
:1058E000012000E0002028B12068406C40F4004016
:1058F000216848641A49206888421BD02068B0F1AA
:10590000804F17D018492068884213D01749206863
:1059100088420FD01649206888420BD01149206870
:10592000884207D013492068884203D01249206872
:1059300088420CD12068806800F00706062E0CD043
:105940002068006840F001002168086005E02068D8
:10595000006840F001002168086000209EE7000018
:105960000000014000040140000400400008004025
:10597000000C0040004001400018004010B50446F3
:1059800003492068884201D1FDF7ACFE10BD00003C
:10599000002000407047F8B504460D46164694F8BE
:1059A000420020282DD105B10EB90120F8BD0120FB
:1059B00020630020606332462946204602F0E2FF61
:1059C0000746206B012819D100BF002000902068F5
:1059D0000068009020684068009000BF00BF00BFD2
:1059E00000BF21680C3151E8001F41F01000216810
:1059F0000C3141E80002002AF3D100E001273846CB
:105A0000D4E70220D2E7000070B505460E46002418
:105A10003BE0214850F82400D0F80001A84232D1E0
:105A20001D4850F82400D0F8040158B11A4951F823
:105A30002410D1F804018047174951F82400314659
:105A4000FAF7E3FD144B53F8243093F8FF20124B80
:105A500053F8241053F82430D3F80001FFF79BFFCC
:105A60000D4850F82400D0F80001C06B00680068B1
:105A700020F00800084951F82410D1F80011C96B32
:105A80000968086070BD601CC4B204480078844294
:105A9000BFDB00BFF6E7000098C0012058000020DF
:105AA00070B50546002429E0174850F82400D0F8C6
:105AB0000001A84220D1144B53F8243093F8FF2062
:105AC000114B53F8241053F82430D3F80001FFF79A
:105AD00062FF0D4850F82400D0F80001C06B006848
:105AE000006820F00800084951F82410D1F800118E
:105AF000C96B0968086070BD601CC4B203480078B7
:105B00008442D1DB00BFF6E798C001205800002096
:105B100010B504460CB9012010BDA06900B100E029
:105B200000BF94F8410028B9002084F840002046C6
:105B300000F02AF8242084F841002068C06820F48E
:105B400000502168C860204602F006FE2068006907
:105B500020F49040216808612068406920F02A0004
:105B6000216848612068C06840F400502168C8601E
:105B700000206064202084F8410084F84200002066
:105B8000606300BFC8E7000010B586B0044614216A
:105B900001A8FAF73AFD8049206888426DD100BF1C
:105BA000002000907D48006840F010007B490860AC
:105BB0000846006800F01000009000BF00BF00BF62
:105BC0000020009075481438006840F002007349C6
:105BD000143908600846006800F00200009000BF19
:105BE00000BF00BF002000900846006840F00100A0
:105BF00008600846006800F00100009000BF00BF88
:105C00008020019002200290002003900320049045
:105C10000720059001A96248FDF75EFC4FF4007073
:105C2000019002200290002003900320049007209E
:105C3000059001A95B48FDF74FFC5B485B49086094
:105C40004FF000604860002158488160C1604FF407
:105C5000806101610021416181614FF48071C16106
:105C6000002101624162FDF763FB08B1FCF7E1FC32
:105C700000BF4E48E06384638CE04D492068884251
:105C800053D100BF002000904448001F006840F43A
:105C900080204249091F08600846006800F48020FF
:105CA000009000BF00BF00BF002000903B481438A8
:105CB000006840F00400394914390860084600685B
:105CC00000F00400009000BF00BF4FF4406001905E
:105CD00002200290002003900320049007200590EA
:105CE00001A93448FDF7F8FB3348344908604FF008
:105CF00000604860002131488160C1604FF48061DC
:105D000001610021416181614FF48071C1614902EB
:105D1000016200214162FDF70BFB08B1FCF789FC31
:105D200000BF2648E063846334E025492068884248
:105D300030D100BF002000901848006840F02000DB
:105D4000164908600846006800F02000009000BF77
:105D500000BF00BF0020009010481438006840F0D9
:105D600040000E49143908600846006800F0400001
:105D7000009000BF00BF4FF48440019002200290C9
:105D800000200390032004900820059001A90D48ED
:105D9000FDF7A2FB06B010BD0010014044380240E0
:105DA0000004024000000240406402402C0A00202F
:105DB0000048004000080240286002408C0A002091
:105DC00000140140001802402DE9F84F04460E4629
:105DD000174699464FF0000A94F84200202852D105
:105DE00006B117B90120BDE8F88F002060642220B9
:105DF00084F8420000202063FDF76EFC8246A785F0
:105E0000E785A068B0F5805F04D1206910B900254E
:105E1000B04602E035464FF000082CE05346002221
:105E200020212046CDF8009002F018FE20B120205D
:105E300084F842000320D6E745B920684068C0F3E3
:105E40000800A8F8000008F1020811E0A068B0F509
:105E5000805F03D0A06828B9206918B9206840681D
:105E6000287004E02068406800F07F0028706D1CF6
:105E7000E08D401EE085E08D0028CFD1202084F801
:105E800042000020AFE70220ADE7704770472DE9E0
:105E9000F84F04460E46174699464FF0000A94F80C
:105EA0004100202850D106B117B90120BDE8F88F74
:105EB00000206064212084F84100FDF70DFC82463B
:105EC000A784E784A068B0F5805F04D1206910B989
:105ED0000025B04602E035464FF000081EE053466C
:105EE000002280212046CDF8009002F0B7FD20B1BD
:105EF000202084F841000320D8E745B9B8F8000015
:105F0000C0F308002168486008F1020803E028781F
:105F1000216848606D1CE08C401EE084E08C002805
:105F2000DDD15346002240212046CDF8009002F0FA
:105F300095FD20B1202084F841000320B6E7202001
:105F400084F841000020B1E70220AFE700BFFEE780
:105F5000054B1B781BB1130A03700A7002E0130A89
:105F60000B7002707047000028C0012010B5044675
:105F700054F8EC0F90ED000A834880ED000A206889
:105F800090ED010A814880ED000A206890ED020A38
:105F90007F4880ED000A54F8EC0990ED030A7D4833
:105FA00080ED000A7848D0ED000A60EEA00A77483C
:105FB00090ED001AD0ED001A41EE210A744890EDE0
:105FC000001AD0ED001A41EE210A724890ED001A35
:105FD000D0ED001A41EE210AB0EE600A06F060FA38
:105FE0006D4880ED000A002012E0D4F8EC1001EBBF
:105FF000800191ED000A6849D1ED000A20EE200AE7
:10600000D4F8EC1001EB800181ED000A411CC8B20C
:106010000428EADB614890ED6F0A5C48D0ED000A85
:1060200020EE200AF0EE000A80EE201AF834A06874
:1060300080ED041A594890ED6F0A5548D0ED000ADA
:1060400020EE200AF0EE000A80EE201AA06880ED13
:10605000051A524890ED6F0A4B48D0ED000AF1EE58
:10606000600A20EE200AF0EE000A80EE201AA068F6
:1060700080ED0A1A494890ED6F0A4648D0ED000AB3
:1060800020EE200AF0EE000A80EE201AA06880EDD3
:106090000B1A424890ED6F0A3E48D0ED000AF1EE2F
:1060A000600A20EE200AF0EE000A80EE201AA068B6
:1060B00080ED101A394890ED6F0A3348D0ED000A90
:1060C000F1EE600A20EE200AF0EE000A80EE201ABF
:1060D000A06880ED111A314890ED6F0A2C48D0ED80
:1060E000000A20EE200AF0EE000A80EE201AA068D6
:1060F00080ED161A294890ED6F0A2448D0ED000A69
:10610000F1EE600A20EE200AF0EE000A80EE201A7E
:10611000A06880ED171A206890ED1C0A1F48D0ED8A
:10612000740A80EE201A206880ED1C1A206890ED19
:10613000230A1A48D0ED740A80EE201A206880EDF8
:10614000231A54F8F80990ED1C0ADFED150AB4EE95
:10615000E00AF1EE10FA05DD9FED110AD4F8F8001F
:1061600080ED1C0AD4F8F80090ED230ADFED0C0A4C
:10617000B4EEE00AF1EE10FA05DD9FED090AD4F85D
:10618000F80080ED230A10BD300300203403002006
:10619000380300203C03002040030020F80D0020BD
:1061A00000401C4610B52DED068B0446F0EE408AEB
:1061B000B0EE609AF0EE419AB0EE618AB0EE42AA7B
:1061C0000120354908700846C0ED6C8A80ED6D9A53
:1061D000C0ED6E9A9FED310A80ED730A002081F8C0
:1061E00038010A46C2F84001C2F844010021C2F851
:1061F0004811C2F84C11B7EE000AB4EEC08AF1EEB5
:1062000010FA03DDB7EE000AB0EE408A224880EDB6
:10621000748A80ED64AA032300220621001D00F089
:10622000B5FC1F4B01221146A3F10800FAF7A5FBAC
:1062300000200BE004EB800191ED000A1649D1F833
:10624000EC1001EB800181ED000A401C0428F1DB19
:1062500014491148C0F8D0101349C0F8D41013499C
:10626000C0F8D8101249C0F8DC10012180F82E10B7
:1062700080F82F1001469022D1F804010D49FAF759
:1062800070F905499022D1F8FC000B49FAF769F939
:10629000BDEC068B10BD0000F80D002077CC2B3232
:1062A000C00F0020BD6200086D5F0008F1620008A9
:1062B000196400082CDE00089002002010B5044686
:1062C00054F8F81F90220748FAF74BF9482206487D
:1062D000616AFAF746F96169F83C48220348FAF71F
:1062E00040F910BD90020020D80F0020201000209F
:1062F00010B5044654F8EC0F90ED000AF0EE000AD9
:1063000020EE200A3F4880ED000A206890ED010A47
:10631000F0EE000A20EE200A3B4880ED000A2068DB
:1063200090ED020AF0EE000A20EE200A374880EDD8
:10633000000A206890ED030AF0EE000A20EE200A21
:10634000334880ED000A14F8DE2C324B1B885A4388
:1063500014F8E03C02FB03F1206AFAF756F92B48E7
:1063600090ED000AB1EE400A206A80ED000A28484C
:1063700090ED000A206A80ED010A224890ED000AA3
:10638000B1EE400A206A80ED020A1F4890ED000A33
:10639000206A80ED030A1C4890ED000A206A80ED17
:1063A000060A184890ED000A206A80ED070A18488E
:1063B00090ED000A206A80ED080A144890ED000A6A
:1063C000206A80ED090A0F4890ED000A206A80EDEE
:1063D0000C0A0D4890ED000AB1EE400A206A80EDEB
:1063E0000D0A0A4890ED000AB1EE400A206A80EDDD
:1063F0000E0A074890ED000A206AEC3C80ED0F0A77
:1064000010BD000044030020480300204C0300207E
:106410005003002022C0012070B52DED028B0446F0
:1064200004F1800104F17800FAF718FD84F8C8003F
:10643000B4F87800A4F8A8005A20015BAA20015300
:1064400004F1A80204F1580104F17800FAF714FCF1
:1064500084F8C800B4F8A800A4F8B0008220015B5A
:10646000B220015304F1B00204F1800104F1A8004C
:10647000FAF702FC84F8C800B4F89000A4F8A00071
:106480009220015BA220015304F1A00204F19001CB
:1064900004F1B000FAF714FA84F8C80004F1B0016E
:1064A00004F1A000FAF76EFAAC342077206C90ED7E
:1064B000000AFE4880ED000A206C90ED010AFC48BD
:1064C00080ED000A206C90ED020AFA4880ED000A87
:1064D000206C90ED030AF84880ED000A34F8340C83
:1064E000A081AC3C0121BA200153F14890ED000A93
:1064F000F148D0ED000A20EE200AEC48D0ED000A69
:10650000EC4890ED001A00EEC10AF0EE000A20EE11
:10651000200AD4F82C0180ED000AE44890ED000A2E
:10652000E348D0ED000A20EE200AE248D0ED000A50
:10653000E14890ED001A00EE810AF0EE000A20EE2C
:10654000200AD4F82C0180ED010AD84890ED000A09
:1065500020EE000AD648D0ED000A90ED001A00EEB9
:10656000C10AD448D0ED000A90ED001A00EEC10A2D
:10657000D148D0ED000A90ED001A00EE810AD4F85F
:106580002C0180ED020A002514E0D4F82C0100EB68
:10659000850090ED000AF0EEC00AB0EE608AB0EE21
:1065A000480A04F0CBFFC54800EB850080ED000AE7
:1065B000681CC5B2032DE8DBB4F84800A4F8C0009D
:1065C0000121C220015304F1C00204F1B80104F119
:1065D0004800FAF7E5FB84F8C800B4F8C000A4F856
:1065E000A8000121AA20015304F1A80204F1C0016E
:1065F00004F1B000FAF740FBB83420740120208089
:106600002189B83CBA20015304F1B80104F1C0005B
:10661000FAF724FC84F8C800A84A3C3204F1A80127
:1066200004F1B800FAF728FB84F8C800A44890EDFC
:10663000720AD0ED730AB6EE001A60EE810AB4EE6B
:10664000E00AF1EE10FA03D201209D4981F83801E9
:106650009B4890ED720AD0ED730AB4EEE00AF1EEB9
:1066600010FA45DD90F83801002841D0944890F8A0
:10667000390168B19248D0F84031D0F84401591C32
:1066800040F100008E4AC2F84011C2F8440105E012
:1066900000208B4AC2F84001C2F84401884800F546
:1066A000A0700CC80020D2F13201984106D200201F
:1066B000834981F8380184F82C0049E0237B814D1F
:1066C0002D8803FB05F2D4E93A01F9F74AFF237B51
:1066D0007C4D2D886B43257B03FB05F2D4E93E01FD
:1066E000F9F73FFF012084F82C00BDEC028B70BD50
:1066F000734890ED720AD0ED730A9FED731A60EE45
:10670000810AB4EEE00AF1EE10FA14DD90F83801D7
:1067100088B16B4890ED730AD0ED720A30EE600AD2
:10672000D0ED730A9FED691A60EE810A80EE201A9F
:1067300080ED671A04E0B7EE000A614880ED670A51
:1067400000205F4AC2F84001C2F8440184F82C00DE
:10675000B4F85800A4F8A8008220015BAA200153D5
:1067600004F1A80204F1800104F15800FAF784FA58
:1067700084F8C80004F1980204F1B00104F1A80003
:10678000FAF77AFA84F8C800002012E0D4F81C1155
:1067900001EB800191ED000A4949D1ED670A20EE35
:1067A000200AD4F81C1101EB800181ED000A411C84
:1067B000C8B2B4F898109A22125B51438142E5DCCA
:1067C000042025E000211FE0021F3C4B03EB820266
:1067D00092ED000ADFED3E0A80EE201A00EB400346
:1067E0000B44D4F81C2102EB830292ED000A21EE47
:1067F000000A00EB40030B44D4F81C2102EB830297
:1068000082ED000A4A1CD1B20329DDDB411CC8B26B
:106810000628D7DBB4F89800A4F8B8000121BA2004
:10682000015304F1B80204F1C00104F19800FAF731
:1068300023FA84F8C800224890F83801A0B3042055
:1068400058E0BC21095901EB800191ED000A1C4977
:10685000D1ED6F0A9FED1F1A60EE810AB4EEE00AD7
:10686000F1EE10FA0BDD91ED6F0ADFED1A0A20EE62
:10687000200ABC21095901EB800181ED000ABC21ED
:10688000095901EB800191ED000A0D49D1ED6F0A24
:106890009FED111A60EE810AB4EEE00AF1EE10FAF3
:1068A00026D291ED6F0A19E026E000005403002083
:1068B000580300205C030020600300207C0F0020B0
:1068C000F80D002022C00120CDCCCC3D6666663F8D
:1068D000DA0FC93F0AD7233C0AD723BC5FED020A6F
:1068E00020EE200ABC21095901EB800181ED000A4C
:1068F000411CC8B20628A4DB9FED080ABC20005941
:1069000080ED030A04F1300204F1B80104F138000B
:10691000F9F7D6FF84F8C80000BFE6E600000000E3
:1069200000B58FB02E4890F8780020B901202C498E
:1069300081F8780003E02A4850300FB000BD0021F4
:106940002848FEF795FF00BF01212748FAF704FB0E
:106950000028F9D1B7EE000A244880ED010AB7EE0D
:10696000000A80ED020AB7EE000A80ED030A9FEDEF
:10697000200A80ED040A9FED1E0A80ED050A9FEDB6
:106980001C0A80ED060A01201849087000200B90AF
:106990000C900D900E900BA800F040F89FED142A7B
:1069A000F7EE001A9FED131ADFED130AB2EE040A98
:1069B0000BA8FFF7F7FB2C2210496846F9F7D1FD29
:1069C00069460F4801F04EFA9FED0E0A044880ED2B
:1069D0000A0A0D48FBF722FC01485030ADE70000E1
:1069E000E80C00200C090020F4070020640D0020B2
:1069F00000000000002474496F12833AF4DD00089F
:106A0000800D002096430B3C4C02002000F0C8FE95
:106A100000BF012005F089FDFBE7000030B52DED3A
:106A2000028B89B005460020069007900890434AE3
:106A3000D2E900109268CDE9040203910020009091
:106A400001900290002421E03D48FAF7F9FA9DED0B
:106A5000060A3B48D0ED000A30EE200A8DED060A0A
:106A60009DED070AD0ED010A30EE200A8DED070AF0
:106A70009DED080AD0ED020A30EE200A8DED080ADD
:106A80009FED300AFBF7ACFB601CC4B2642CDBDB6F
:106A900000200FE006A901EB800191ED000ADFED77
:106AA0002A0A80EE201A06A901EB800181ED001A66
:106AB000411CC8B20328EDDB06A800F0AFFF03A914
:106AC00006A8FBF7A3FDF0EE408A04F037FDB0EE18
:106AD000408A6A4603A906A8FBF72BF9684600F02E
:106AE0009DFFB0EE000AC8EE000AF0EE608AB0EE3C
:106AF000680A04F0AFFD85ED000A002417E0B0EE4F
:106B0000000AC8EE000AF0EE608AB0EE680A04F0EF
:106B100049FE684600EB8400D0ED000A20EE200A12
:106B2000601C05EB800080ED000A601CC4B2022CE2
:106B3000E5DB09B0BDEC028B30BD0000E8DD0008EC
:106B4000B00C00206F12833A0000C84230B50B46EB
:106B5000002100BF16E00A24B4EB107F05D93024D1
:106B600004EB107403F8114005E0412404EB1074A9
:106B70000A3C03F81140000100254C00641C1D551F
:106B80004C1CE1B29142E6DB30BD00000FB583B092
:106B90000420FE4908800820FD490880DDE9031033
:106BA0000873039905984873039906988873002120
:106BB0000398017406980290F9F7E8FB039948617D
:106BC000069802900398406901900299F9F7FBFC3E
:106BD000EE480088069948430290F9F7D7FB0399DD
:106BE0008861EA48008806994843029003988069C2
:106BF00001900299F9F709FDE44800880699484395
:106C00000290F9F7C3FB0399C861E0480088069930
:106C1000484302900398C06901900299F9F7F5FC86
:106C2000DA480088049948430290F9F7AFFB0399CA
:106C30000862D64800880499484302900398006A85
:106C400001900299F9F7E1FC06980290F9F79EFB92
:106C500003994862069802900398406A019002994D
:106C6000F9F7B1FCC9480088049948430290F9F744
:106C70008DFB03990860C548008804994843029039
:106C80000398006801900299F9F7BFFCBF4800889B
:106C9000069948430290F9F779FB03994860BB488D
:106CA0000088069948430290039840680190029931
:106CB000F9F7ABFCB5480088059948430290F9F70D
:106CC00065FB03998860B1480088059948430290A4
:106CD0000398806801900299F9F797FCAB48008807
:106CE000049948430290F9F751FB0399C1F8E80071
:106CF000A64800880499484302900398D0F8E80019
:106D000001900299F9F781FC0398D0F8E80002900D
:106D10000398007B019001220146DDE9023030300A
:106D2000F9F72BFE99480088049948430290F9F737
:106D30002DFB0399C1F8EC0094480088049948435E
:106D400002900398D0F8EC0001900299F9F75DFCED
:106D50000398D0F8EC0002900398007B0190012288
:106D60000146DDE902303830F9F707FE059818B31F
:106D700086480088059948430290F9F707FB039974
:106D8000C1F8F000814800880599484302900398B3
:106D9000D0F8F00001900299F9F737FC0398D0F889
:106DA000F00002900398407B019001220146DDE94A
:106DB00002304030F9F7E1FD7448008806994843F5
:106DC0000290F9F7E3FA0399C1F8F4006F480088DC
:106DD0000699484302900398D0F8F4000190029974
:106DE000F9F713FC0398D0F8F40002900398807B25
:106DF000019001220146DDE902304830F9F7BDFD7E
:106E0000624800880499484348430290F9F7BEFA63
:106E10000399C1F8F8005D48008804994843484345
:106E200002900398D0F8F80001900299F9F7EDFB71
:106E30000398D0F8F80002900398007B0190039823
:106E4000007B00900146DDE902305030019AF9F7ED
:106E500094FD4E4800880499484348430290F9F74E
:106E600095FA0399C1F8FC00484800880499484302
:106E7000484302900398D0F8FC0001900299F9F77A
:106E8000C4FB0398D0F8FC0002900398007B0190AB
:106E90000398007B00900146DDE902305830019AEA
:106EA000F9F76BFD3948008804994843484302903C
:106EB000F9F76CFA0399C1F8000134480088049985
:106EC000484348430290F9F761FA0399C1F8040175
:106ED0002E48008804994843484302900398D0F80C
:106EE000000101900299F9F790FB28480088049965
:106EF0004843484302900398D0F804010190029956
:106F0000F9F783FB0398D0F8000102900398007B07
:106F100001900398007B00900146DDE9023060306B
:106F2000019AF9F72AFD0398D0F80401029003981A
:106F3000007B01900398007B00900146DDE9023060
:106F40006830019AF9F719FD059878B30F48008861
:106F500004994843059948430290F9F717FA0399B1
:106F6000C1F8080109480088049948430599484335
:106F700002900398D0F8080101900299F9F745FBB7
:106F80000398D0F808010290039803E022C0012082
:106F900024C00120407B01900398007B00900146B3
:106FA000DDE902307030019AF9F7E7FCB948008852
:106FB00006994843049948430290F9F7E7F9039981
:106FC000C1F80C01B3480088049948430699484326
:106FD0000290F9F7DBF90399C1F81001AD48008878
:106FE000069948430499484302900398D0F80C014D
:106FF00001900299F9F709FBA648008804994843D3
:107000000699484302900398D0F810010190029924
:10701000F9F7FBFA0398D0F80C0102900398007B73
:1070200001900398807B00900146DDE902307830C2
:10703000019AF9F7A2FC0398D0F810010290039886
:10704000807B01900398007B00900146DDE90230CF
:107050008030019AF9F791FC8E48008804994843E2
:1070600048430290F9F792F90399C1F8140189484D
:10707000008804994843484302900398D0F81401CB
:1070800001900299F9F7C1FA0398D0F8140102901F
:107090000398007B01900398007B00900146DDE996
:1070A00002308830019AF9F768FC7A48008806991E
:1070B000484348430290F9F769F90399C1F8180168
:1070C0007448008806994843484302900398D0F8D2
:1070D000180101900299F9F798FA0398D0F818016D
:1070E00002900398807B01900398807B009001467A
:1070F000DDE902309030019AF9F73FFC65480088DD
:1071000004994843069948430290F9F73FF90399D7
:10711000C1F81C015F480088049948430699484318
:1071200002900398D0F81C0101900299F9F76DFACA
:107130000398D0F81C0102900398807B019003987B
:10714000007B00900146DDE902309830019AF9F7A2
:1071500014FC0398007B4F49098848430399097B35
:1071600048430290F9F712F90399C1F820010398F6
:10717000007B4849098848430399097B48430290AA
:10718000F9F704F90399C1F824010398007B4149F8
:10719000098848430399097B48430290F9F7F6F8B8
:1071A0000399C1F828010398007B3A4909884843AC
:1071B0000290F9F7EBF80399C1F82C010398007BD2
:1071C0003449098848430290F9F7E0F80399C1F877
:1071D00030010398D0F8200102900398007B0190C1
:1071E0000398007B00900146DDE90230A030019A4F
:1071F000F9F7C3FB0398D0F8240102900398007BB1
:1072000001900398007B00900146DDE90230A83030
:10721000019AF9F7B2FB0398D0F82801029003987D
:10722000007B01900398007B00900146DDE902306D
:10723000B030019AF9F7A1FB0398D0F82C01029025
:107240000398007B019001220146DDE90230B8304D
:10725000F9F793FB0398D0F8300102900398007B74
:10726000019001220146DDE90230C030F9F785FBCB
:107270000021039880F82810039880F829100398BB
:1072800080F82A10039880F82B10039880F82C10AF
:1072900007B000BD22C0012010B50E480E4908609D
:1072A0000320486000210C488160C1604FF4102128
:1072B00001614FF400114161002101764176817630
:1072C000C17601774177FBF73CFD08B1FBF7B1F9D7
:1072D00010BD000000640040A407002010B50E4857
:1072E0000E4908600320486000210C488160C1609D
:1072F0004FF4102101614FF400114161002101762A
:1073000041768176C17601774177FBF71AFD08B1A6
:10731000FBF78FF910BD000000680040CC0700208B
:1073200008B500BF002000901E48006840F400101F
:107330001C4908600846006800F40010009000BF77
:1073400000BF00BF002000900846006840F48000A5
:1073500008600846006800F48000009000BF00BF8D
:10736000002205210C20FCF77FFA0C20FCF768FABC
:10737000002205213820FCF777FA3820FCF760FA64
:10738000002205213A20FCF76FFA3A20FCF758FA60
:10739000002205213B20FCF767FA3B20FCF750FA5E
:1073A00008BD00003038024000B59DB01C221849CD
:1073B00016A8F9F7D6F8002116A805F0C7F8154960
:1073C00008601C2212491C310FA8F9F7CAF80021E5
:1073D0000FA805F0BBF8104908601C220C49383191
:1073E00008A8F9F7BEF8002108A805F0AFF80B4986
:1073F00008601C220649543101A8F9F7B2F80021AF
:1074000001A805F0A3F8064908601DB000BD000002
:107410001CDD000800C0012004C0012008C00120BC
:107420000CC0012000B587B0142102A8F9F7EDF8CF
:1074300000BF002001907D48006840F002007B49B9
:1074400008600846006800F00200019000BF00BF1D
:1074500000BF002001900846006840F0400008602E
:107460000846006800F04000019000BF00BF00BF68
:10747000002001900846006840F0010008600846BE
:10748000006800F00100019000BF00BF00BF0020B5
:1074900001900846006840F008000860084600684F
:1074A00000F00800019000BF00BF00BF0020019065
:1074B0000846006840F0040008600846006800F0D4
:1074C0000400019000BF00BF00BF002001900846EB
:1074D000006840F0800008600846006800F0800006
:1074E000019000BF00BF00BF002001900846006867
:1074F00040F0200008600846006800F0200001907D
:1075000000BF00BF00BF002001900846006840F0A7
:10751000100008600846006800F01000019000BFED
:1075200000BF002289154248FCF7D0F80122102143
:107530004048FCF7CBF800224FF400713E48FCF7BE
:10754000C5F800224FF440513C48FCF7BFF8012237
:1075500011463A48FCF7BAF84FF4807002900120C7
:10756000039000200490059002A93148FBF7B4FF76
:10757000012002904FF4881003900020049002A98B
:107580002C48FBF7A9FF10200290012003900490E3
:107590000220059002A92748FBF79EFF30200290A9
:1075A0004FF4041003900020049002A92048FBF738
:1075B00093FF4FF40070029001200390002004908C
:1075C000059002A91C48FBF787FF4FF4006002906A
:1075D00000200390049002A91748FBF77DFF4FF4A9
:1075E000405002900120039000200490059002A9D1
:1075F0001248FBF771FF01200290039004900220D3
:10760000059002A90D48FBF767FF4FF44040029038
:10761000022003900020049003200590052006908E
:1076200002A90648FBF758FF07B000BD30380240FA
:107630000008024000000240001002400004024026
:1076400010B50F480F4908604FF482704860002160
:107650000C488160C1600221016101214161490240
:1076600081611021C16100210162416281620A21B0
:10767000C162FDF77DFC08B1FAF7DBFF10BD000029
:1076800000300140F407002000B587B01C21684697
:10769000F8F7BBFF154816490860A720486000218D
:1076A000134881604CF25031C16000210161816159
:1076B000FDF79CFE08B1FAF7BCFF0D48FEF7A3F8F2
:1076C00008B1FAF7B6FF6020009000200190029008
:1076D0000490002269460648FEF713F808B1FAF74D
:1076E000A8FF0348FDF7DCFF07B000BD00440140E0
:1076F0000C09002010B50A480A4908600A48486089
:10770000002108488160C16001610C2141610021B4
:107710008161C161FEF7FCF908B1FAF78AFF10BD7B
:10772000001001405409002040420F0010B50B48E2
:107730000B4908600B484860002109488160C1601E
:107740004FF4806101610C21416100218161C161BF
:10775000FEF7DEF908B1FAF76CFF10BD00480040F3
:107760009C090020A086010010B50A480A4908605B
:107770000A484860002108488160C16001610C210D
:10778000416100218161C161FEF7C2F908B1FAF7D8
:1077900050FF10BD00140140E409002040420F00DA
:1077A00010B500220D490E4802F027F808B1FAF78B
:1077B00040FF0C490A4802F062FB08B1FAF739FFB2
:1077C0000949074801F04CFC08B1FAF732FF0448B8
:1077D00002F058FC08B1FAF72CFF10BD4C04002051
:1077E000AC640020C00400209C04002000BFFEE721
:1077F000F0B502460D796D1EE8B292F8AE51012D3A
:1078000049D0022D02D0032D7ED100BF042809DA11
:107810000346464E0D68B54201D1012500E004251E
:107820002C4609E0051FEBB2404E0D68B54201D170
:10783000002500E003252C4600F201258D6001257E
:107840003B4E355582F8AD3182F8AC4100251DE044
:10785000384E56F82560D6F8A86136680F68BE42E3
:1078600012D1344E56F82560D6F8A861766B8F6831
:10787000BE4209D1DFF8B4C00F68674501D10127C6
:1078800000E002273E4600BF6E1CF5B22A4E367855
:10789000B542DDDB47E0042809DA0346234E0D68D4
:1078A000B54201D1002500E003252C4609E0051F63
:1078B000EBB21E4E0D68B54201D1022500E0052550
:1078C0002C4600F205258D600125194E355582F8AC
:1078D000AD3182F8AC4100251FE0164E56F8256008
:1078E000D6F8A86136680F68BE4214D1114E56F81A
:1078F0002560D6F8A861766B8F68BE420BD1DFF8A1
:107900002CC00F68674500E00CE001D1012700E0C2
:1079100002273E4600BF6E1CF5B2074E3678B542D0
:10792000DBDB00E000BF00BFF0BD0000A4070020CB
:10793000EB010020A4C001206400002000BFFEE78E
:1079400010B588B004460C20F8F720FD1A490860ED
:107950000846006800210160416081601748079077
:1079600018208DF81400069405A801F0BDF81249FE
:107970000968886012480068049004A800F02EF896
:107980000D49096808600E48001D0068039003A8AF
:1079900000F034F8084909684860094A083207CA03
:1079A0008DE807006846FAF751FD0649086002486D
:1079B0000068006808B010BD6CC00120C125000837
:1079C00018E1000874C0012010B504460249096896
:1079D000886801F0B1F810BD6CC0012070B5054693
:1079E0000C20F8F7D3FC0446002020606060A06003
:1079F000287820706878A072204670BD70B5044663
:107A00001420F8F7C3FC054614212846F8F7FDFDBD
:107A10002078287060782874284670BD00B5D0EDB5
:107A2000000A60EEA00A90ED011AD0ED011A41EEB5
:107A3000210A90ED021AD0ED021A41EE210AB0EEB1
:107A4000600A00F093FBB0EE403A90ED000AC0EE01
:107A5000030AC0ED000A90ED010AC0EE030AC0ED72
:107A6000010A90ED020AC0EE030AC0ED020A00BD51
:107A700010B50248FCF717F910BD00008879002006
:107A80002DE9F04704460D4626683746D6F8408073
:107A900007F5306000EB4510D0F80890104880459D
:107AA0000BD909F40040B0F5004F06D14FF4004166
:107AB00007F5306000EB451081602046FCF7AEFD15
:107AC0000748804508D9A079012805D104F29C42D5
:107AD0000121206802F08EFF0020BDE8F087000041
:107AE0000A30544F2DE9F04705460C46D5F8009072
:107AF0004E46D9F840A006F5306000EB4410D0F8AF
:107B00000880A879012855D108F0080008280FD16D
:107B1000434882450BD908F40040B0F5004F7BD1B3
:107B20004FF4004106F5306000EB4410816073E0D3
:107B300008F02000202806D1202106F5306000EB57
:107B40004410816068E008F02800002864D13448BF
:107B500082450CD908F40040B0F5004F07D14FF42E
:107B6000004106F5306000EB4410816054E004EB06
:107B7000C40105F5157000EB810706F5306000EBD8
:107B80004410396A0069C0F31200081A786164B9B8
:107B9000386930B905F29C420121286802F02AFFB9
:107BA00003E07969F8680844F860E1B22846FBF719
:107BB000F1FE31E01B4882451BD108F40040B0F5CE
:107BC000004F07D14FF4004106F5306000EB441040
:107BD000816021E008F02000202805D1202106F551
:107BE000306000EB44108160E1B22846FBF7D2FE22
:107BF00012E06CB904EBC40105F5157000EB8100CF
:107C0000006928B905F29C420021286802F0F2FEC2
:107C1000E1B22846FBF7BEFE0020BDE8F087000079
:107C20000A30544F0A31544F2DE9F84F07460E469B
:107C3000D7F80090C84606EBC60107F1140000EB28
:107C40008104D4E90410884202D90120BDE8F88FEC
:107C5000D4E90401451AA068A84200D2A568E81C2E
:107C60004FEA900A17E0D4E90401451AA068A84237
:107C700000D2A568E81C4FEA900AB879ABB2F2B21C
:107C800000904846E16803F0D7FBE0682844E060D4
:107C900060692844606108F5106000EB4610806957
:107CA00080B2504506D3D4E90410884202D220693C
:107CB0000028D8D1D4E9040188420ED806F00F017B
:107CC000012000FA01FB40F6340050F8080020EAD9
:107CD0000B0040F6340141F808000020B6E7000030
:107CE00010B52DED028B0446B0EE408AF0EE608AAE
:107CF0005A496069084010B1204604F0ADFA04F119
:107D00006000FAF78BFA84ED190A84ED0B8AC4ED52
:107D1000178A94ED170AD4ED0B0A30EE600A84ED51
:107D20000D0A94ED0D0AB5EEC00AF1EE10FA02DD6F
:107D300094ED0D0A03E094ED0D0AB1EE400AD4ED86
:107D4000040AB4EEE00AF1EE10FA65DD94ED000AE3
:107D5000D4ED0D0A20EE200A84ED100A94ED010AFC
:107D6000D4ED0D0A20EE200AD4ED190A20EE200AE7
:107D700084ED130A94ED0D0AD4ED0E0A30EE600A7C
:107D8000D4ED020A20EE200AD4ED190A80EE201A62
:107D900084ED121A207D00F0400010B1204604F05E
:107DA000B9FAA08A00F4004010B1204604F014F99A
:107DB000207D00F0080010B1204604F092F96069BF
:107DC00000F4802010B1204604F06AF9207D00F014
:107DD000010010B1204604F095F994ED110AD4ED9C
:107DE000130A30EE200A84ED110A94ED100AD4ED46
:107DF000110A30EE200AD4ED120A30EE200A84ED8A
:107E0000140AA08A00F4805010B1204604F0E4F96E
:107E1000204604F002FA07E09FED110A84ED140AEF
:107E20009FED0F0A84ED130A94ED0B0A84ED0C0A02
:107E300094ED140A84ED150A94ED120A84ED160AE5
:107E400094ED0D0A84ED0E0A94ED130A84ED0F0AE9
:107E500094ED140ABDEC028B10BD000080969800D2
:107E60000000000070B504460D4695ED000A84ED53
:107E7000000A95ED010A84ED010A95ED020A84EDF0
:107E8000020A95ED030A84ED030A95ED040A84EDD8
:107E9000040A6869606195ED060A84ED060A95EDAD
:107EA000070A84ED070A95ED080A84ED080A95EDA6
:107EB000090A84ED090A95ED0A0A84ED0A0A04F11B
:107EC0006000FAF7ABF970BD10B504469421044880
:107ED000F8F779FB0348006800F02EFE10BD0000A3
:107EE000900B0020F8010020002010E0094A32F930
:107EF0001010002901DB0A4600E04A42B2F5257F56
:107F000003DD0021034A22F81010411CC8B20528E5
:107F1000ECDB7047900B00204A788B7842EA032212
:107F200012B24280CA780B7942EA032212B28280EE
:107F30004A798B7942EA032212B2C280CA790B7A5B
:107F400042EA032212B202817047000010B586B0E7
:107F500004460D480590049412208DF80C0003A8E7
:107F600000F0C2FD09490860094A07CA8DE8070008
:107F70006846FAF76BFA074908600120064908705D
:107F8000064806B010BD0000A17F0008F8010020DF
:107F9000B8DD0008FC010020F4010020900B002057
:107FA00010B50448006804F009FE03480068FAF7B9
:107FB00079FA10BDF8010020FC01002010B5A820BE
:107FC000FAF7A4F9FEF7ACFC0149C1F8260010BD90
:107FD0007015002010B50248FCF71CFF10BD000012
:107FE000F407002070B50546AC6B0020E087E08602
:107FF0002046FCF70DFF70BD7CB504460E461546C5
:108000003346012202212046009500F039F828B1BC
:10801000606D40F02000606503207CBD164800685C
:108020001821B0FBF1F01549B0FBF1F04FF47A7173
:10803000484301906068B0F5827F0DD1334600223D
:1080400080212046009500F01BF898B1606D40F04B
:10805000200060650320E0E700BF019800B908E058
:108060000198401E019020688068C0F3C01000286D
:10807000F3D100BF0020D0E71CC0012040420F0018
:108080002DE9F84F04460D4690461E46DDF828902F
:10809000FBF722FBA0EB0900371AFBF71DFB82461A
:1080A0002C480068C0F3CB307843009046E0701C49
:1080B000002843D0FBF710FBA0EB0A00B84200D227
:1080C000A7BB2068406820F0E00021684860606835
:1080D000B0F5827F0DD1A068B0F5004F03D0A06845
:1080E000B0F5806F05D12068006820F0400021685D
:1080F0000860A06AB0F5005F0DD100BF206800687D
:1081000020F40050216808602068006840F40050A6
:108110002168086000BF012084F8510000BF0020E2
:1081200084F8500000BF0320BDE8F88FFFE70098F7
:1081300008B9002702E00098401E0090206880687F
:108140002840A84201D1012000E000204045AED1E6
:108150000020E9E71CC0012030B501460A4613782B
:10816000521C147843EA042030BD0000B0EE401ADF
:10817000B5EEC01AF1EE10FA02D89FED140A70475E
:10818000B0EE000AC1EE000A9FED110A21EE002AAE
:1081900000BFF0EE411A50EEA01AB0EE000A60EEF9
:1081A000802A81EEA20A30EEC00AF0EE400AF4EE18
:1081B000C21AF1EE10FAECDCB1EE420AF4EEC01A8B
:1081C000F1EE10FAE5D3B0EE600AD8E70000000047
:1081D0006F12833A10B500BF502080F31188BFF3AF
:1081E0004F8FBFF36F8F00BF05F06EF918B14FF0DE
:1081F00080500449086000BF002080F3118800BF50
:1082000010BD000004ED00E000B593B0302107A8D8
:10821000F8F7FBF9142102A8F8F7F7F900BF0020DE
:1082200001902448006840F08050224908600846C8
:10823000006800F08050019000BF00BF00BF002028
:1082400001901D48006840F480401B4908600846C2
:10825000006800F48040019000BF00BF012007903B
:108260000004089002200D9041050E910C210F9101
:108270004FF4A8711091022111910721129107A8C2
:10828000FCF778FB08B1FAF7D4F90F20029002202E
:108290000390002004904FF4A05005904FF48050BC
:1082A0000690052102A8FCF703FA08B1FAF7C1F914
:1082B00013B000BD40380240007000400348006821
:1082C00040F47000014908607047000088ED00E04C
:1082D00010B50248FDF72DF910BD0000EC0A002092
:1082E00010B502682B4B98420ED0B0F1804F0BD0E6
:1082F000294B984208D0294B984205D0284B9842E8
:1083000002D0284B984203D122F070024B681A43E6
:10831000204B984220D0B0F1804F1DD01E4B984288
:108320001AD01E4B984217D01D4B984214D01D4BAB
:10833000984211D01C4B98420ED01C4B98420BD047
:108340001B4B984208D01B4B984205D01A4B9842C1
:1083500002D01A4B984203D122F44072CB681A43E0
:1083600022F080034C6943EA04028B68C3620B6805
:108370008362084B984202D00A4B984201D10B69A4
:108380000363036843F00403036001234361026055
:1083900010BD000000000140000400400008004043
:1083A000000C004000040140004001400044014036
:1083B0000048014000180040001C00400020004020
:1083C00030B501F01F05012404FA05F3046A9C434B
:1083D0000462046A01F01F0502FA05F52C430462E9
:1083E00030BD000030B5026A056A25F0010505625E
:1083F0004368846924F0700424F003040D682C435E
:1084000022F002028D682A43104DA84200D103E0F9
:108410000F4DA84206D100BF22F00802CD682A43C2
:1084200022F00402094DA84202D0094DA84207D10A
:1084300023F4807323F400734D692B438D692B4320
:10844000436084614D684563026230BD00000140B5
:108450000004014030B5026A056A25F01005056286
:108460004368846924F4E04424F440740D6844EAC9
:10847000052422F020028D6842EA0512124DA8421E
:1084800000D103E0114DA84207D100BF22F08002C5
:10849000CD6842EA051222F040020B4DA84202D0FC
:1084A0000A4DA84209D123F4806323F400634D6987
:1084B00043EA85038D6943EA8503436084614D681F
:1084C0008563026230BD00000000014000040140ED
:1084D00030B5026A056A25F4807505624368C4698F
:1084E00024F0700424F003040D682C4322F400727D
:1084F0008D6842EA0522124DA84200D103E0114DD9
:10850000A84207D100BF22F40062CD6842EA0522EA
:1085100022F480620A4DA84202D00A4DA84209D135
:1085200023F4805323F400534D6943EA05138D6906
:1085300043EA05134360C4614D68C563026230BD00
:10854000000001400004014030B5036A056A25F4CB
:10855000805505624468C26922F4E04222F4407208
:108560000D6842EA052223F400538D6843EA05337F
:10857000084DA84202D0084DA84204D124F48044FA
:108580004D6944EA85144460C2614D680564036224
:1085900030BD0000000001400004014070B50646F7
:1085A0000025B46B20684069C0F3C01594F8410001
:1085B000212805D125B10020E084204600F0B8F83C
:1085C00020684069C0F3801594F84200222805D144
:1085D00025B10020E085204600F074F8606C40F082
:1085E000100060642046FDF75BFA70BD70B505466B
:1085F000AC6B2868006800F48070002842D1E085E8
:1086000000BF00BF21680C3151E8001F21F48070C9
:1086100021680C3141E80002002AF3D100BF00BFFD
:1086200000BF2168143151E8001F21F001002168CA
:10863000143141E80002002AF3D100BF00BF00BF9F
:108640002168143151E8001F21F0400021681431E5
:1086500041E80002002AF3D100BF202084F8420044
:10866000206B01280ED100BF00BF21680C3151E8FA
:10867000001F21F0100021680C3141E80002002A9F
:10868000F3D100BF00206063206B012804D1A18DCD
:108690002046FDF7B9F902E02046FDF7F6FB70BD74
:1086A00070B50546AC6B01206063206B012805D1D5
:1086B000A08D41082046FDF7A7F902E02046FDF70E
:1086C000E5FB70BD00BF00BF02680C3252E8002F0E
:1086D00022F4907102680C3242E80013002BF3D1AF
:1086E00000BF00BF00BF0268143252E8002F22F022
:1086F00001010268143242E80013002BF3D100BFDD
:10870000016B01290ED100BF00BF02680C3252E894
:10871000002F22F0100102680C3242E80013002BF7
:10872000F3D100BF202180F842100021016370477F
:1087300000BF00BF02680C3252E8002F22F0C001D7
:1087400002680C3242E80013002BF3D100BF202155
:1087500080F84110704700002DE9F84F044620686A
:10876000006920F44050E1680843216808612169EC
:10877000A068084361690843E169084300902068E4
:10878000C06849F20C618843009908432168C860B9
:108790002068406920F44070A1690843216848615D
:1087A00076492068884203D075492068884203D101
:1087B000FCF778F8814602E0FCF764F88146E0694E
:1087C000B0F5004F6CD102206168A0FB0150034658
:1087D0001920A9FB007001462A463846F7F705FE26
:1087E0006421B0FBF1F04FEA001A02206168A0FB9F
:1087F00001510B461920A9FB00712A463846F7F7AC
:10880000F4FD834602206168A0FB01500346192055
:10881000A9FB00712A463846F7F7E7FD6421B0FB53
:10882000F1F000EBC00101EB0010ABEB8000322156
:1088300001EBC0006421B0FBF1F000F0F8000AEB9E
:10884000400A02206168A0FB015003461920A9FBE1
:10885000007001462A463846F7F7C7FD83460220D6
:108860006168A0FB015003461920A9FB00712A464C
:108870003846F7F7BAFD6421B0FBF1F000EBC00118
:1088800001EB0010ABEB8000322101EBC000642152
:10889000B0FBF1F000F007005044216888606AE006
:1088A00004206168A0FB015003461920A9FB007059
:1088B00001462A463846F7F798FD8246042061684B
:1088C000A0FB015003461920A9FB007001462A466F
:1088D0003846F7F78AFD6421B0FBF1F000EBC001E8
:1088E00001EB0010AAEB8000322101EB00106421A3
:1088F000B0FBF1F000F0F00A04206168A0FB017009
:1089000003461920A9FB00513A462846F7F76DFDAA
:108910006421B0FBF1F00AEB001A04206168A0FBAF
:1089200001510B461920A9FB00712A463846F7F77A
:108930005CFD834604206168A0FB015003461920BA
:10894000A9FB007001462A463846F7F74EFD642120
:10895000B0FBF1F000EBC00101EB0010ABEB8000CD
:10896000322101EB00106421B0FBF1F000F00F00A8
:10897000504421688860BDE8F88F00000010014075
:108980000014014077B581B0044615460298A062F4
:10899000A58500206064222084F842002C48E16B09
:1089A000C8632C48E16B08642B48E16BC864002065
:1089B000E16B086502AE32682368191D2B46E06B37
:1089C000FAF72CFD38B110206064202084F84200B2
:1089D000012004B070BD00BF002000902068006836
:1089E000009020684068009000BF00BF206970B10F
:1089F00000BF00BF21680C3151E8001F41F48070B6
:108A000021680C3141E80002002AF3D100BF00BF09
:108A100000BF2168143151E8001F41F001002168B6
:108A2000143141E80002002AF3D100BF00BF00BFAB
:108A30002168143151E8001F41F0400021681431D1
:108A400041E80002002AF3D100BF0020C1E7000086
:108A5000ED850008A18600089D8500082DE9F843F2
:108A600004460D4617469846089E31E0701C70B3C8
:108A7000FAF732FEA0EB0800B04200D816B9032086
:108A8000BDE8F8832068C06800F00400F8B1802DCC
:108A90001ED0402D1CD020680068C0F3C000B0B1CB
:108AA00000BF0020009020680068009020684068A7
:108AB000009000BF00BF2046FFF704FE082060645E
:108AC00000BF002084F8400000BF0120D8E7FFE786
:108AD000206800682840A84201D1012000E0002061
:108AE000B842C3D00020CBE770B505464FF4847080
:108AF000F7F74CFC04464FF484712046F7F785FDE8
:108B00006868C4F80001287884F8FF00A868C4F8F1
:108B10000401074801780078401C054A1070054898
:108B200040F82140204600F007F8204670BD0000C4
:108B30005800002098C0012010B5044694F8FF208A
:108B40002146D4F80001FCF726FFD4F80001C06BE1
:108B50000068006820F00800D4F80011C96B0968AB
:108B6000086010BD2DE9F04104460D46D4F8C872E6
:108B700004F53070D4F8D41250F8210010B9032055
:108B8000BDE8F08104F53070D4F8D41250F82160BB
:108B900005F00F0000EB800104F1140050F82100F3
:108BA00028B305F00F0000EB800104F1140050F829
:108BB000211005F00F0000EBC00207F1140000EBDC
:108BC00082008068B1FBF0F200FB121078B900213E
:108BD00005F00F0000EB800204F1140040F82210B1
:108BE00000231A462946204601F016F917E0002016
:108BF000C6F8140204F53170D4F8D41250F82100EC
:108C0000006960B1D6F8080204F53171D4F8D422B5
:108C100051F822102A460B6906F504719847002086
:108C2000AEE770B504460E4604F53070D4F8D412A1
:108C300050F82150D4F8D41250F8210008B903207C
:108C400070BD3146204600F03EFFC5F80C02D5F855
:108C5000040204F53171D4F8D43251F82310CA68F3
:108C600005F5037190470020EAE7000070B504465F
:108C70000D4630480178204600F0EFFD00212D48D8
:108C8000007800F00F0000EB800204F1140000EB0C
:108C90008200C17328480178204600F0DEFD0021E3
:108CA0002548007800F00F0000EB800204F5AA7060
:108CB00000EB8200C17321480178204600F0CDFD11
:108CC00000211E48007800F00F0000EB800204F144
:108CD000140000EB8200C1731848007800F00F0008
:108CE00000EB800204F1140000EB8200816004F5C7
:108CF0003070D4F8D41250F82100C8B104F53171A5
:108D0000D4F8D42251F822104868804704F5307115
:108D1000D4F8D42251F8220001F0AAFB002104F576
:108D20003070D4F8D42240F822100020C4F8BC02DD
:108D3000002070BD3B0500203C0500203D050020C3
:108D400070B5044604F53070D4F8D41250F82150B0
:108D50000DB9032070BD04F53170D4F8D41250F869
:108D6000210098B195F80002FF280FD095F8012254
:108D700095F8000204F53171D4F8D46251F8261048
:108D80008B6829469847FF2085F800020020E1E71C
:108D900001460A200880014870470000B404002002
:108DA0002DE9F041044682210D4800F072FC054691
:108DB00001210B4800F06DFC06468121084800F0B7
:108DC00068FC07460DB11020A8710EB14020B0809C
:108DD0000FB14020B880432020800148BDE8F081D9
:108DE000F80400202DE9F041044682210E4800F0ED
:108DF00050FC054601210C4800F04BFC0646812141
:108E0000094800F046FC07460DB11020A87116B1C4
:108E10004FF40070B08017B14FF40070B880432059
:108E200020800148BDE8F081F80400202DE9F041E0
:108E3000044682210D4800F02CFC054601210B4818
:108E400000F027FC06468121084800F022FC074676
:108E50000DB11020A8710EB14020B0800FB140209C
:108E6000B880432020800148BDE8F081F80400204C
:108E700070B504460E464FF4077001F0FBFA054644
:108E800045B9002104F53070D4F8D42240F82210FE
:108E9000022070BD4FF407712846F7F7B6FB04F5C2
:108EA0003070D4F8D41240F82150D4F8D41250F8CD
:108EB0002100C4F8BC02207C98BB4FF4007302224E
:108EC00050480178204600F09FFE01214D4800786F
:108ED00000F00F0000EB800204F1140000EB8200B0
:108EE000C1734B02022248480178204600F08CFEF4
:108EF00001214548007800F00F0000EB800204F5E6
:108F0000AA7000EB8200C17310214048007800F085
:108F10000F0000EB800204F1140000EB820081607E
:108F200032E0FFE74023022236480178204600F075
:108F30006BFE01213348007800F00F0000EB800247
:108F400004F1140000EB8200C173402302222E487A
:108F50000178204600F058FE01212B48007800F0EF
:108F60000F0000EB800204F5AA7000EB8200C173D1
:108F700010212648007800F00F0000EB800204F179
:108F8000140000EB82008160082303221F4801784F
:108F9000204600F039FE01211C48007800F00F0047
:108FA00000EB800204F1140000EB8200C17300208A
:108FB000C5F8040204F53171D4F8D42251F8221016
:108FC000086880470020C5F81402C5F81802D5F8D3
:108FD000040208B902205CE7207C48B94FF4007312
:108FE000094801782046D5F8042200F025FE07E064
:108FF0004023054801782046D5F8042200F01CFEE5
:10900000002046E73B0500203C0500203D050020F0
:1090100070B5044604F53070D4F8D41250F82150DD
:10902000D4F8D41250F8210008B9032070BD207C78
:1090300048B94FF40073094801782046D5F8042256
:1090400000F0FAFD07E04023044801782046D5F8F7
:10905000042200F0F1FD0020E8E700003C050020BC
:10906000024609B90320704702F53170D2F8D432B4
:1090700040F823100020F6E710B5024602F53070E4
:10908000D2F8D44250F824300BB9032010BDC3F8F5
:1090900004120020FAE730B503460C4603F53070A1
:1090A000D3F8D45250F8251009B9032030BDC1F8C7
:1090B0000842C1F810220020F8E72DE9FC410546DE
:1090C0000C4605F53070D5F8D41250F82160002018
:1090D00001900090804616B90320BDE8FC812078FD
:1090E00000F0600000283DD020287CD1E08868B3E3
:1090F000207800F08000B8B1E288607805F5317121
:10910000D5F8D4C251F82C108B6831469847E088C6
:10911000072801D9072000E0E08807463A46314693
:10912000284600F0E5F81CE0607886F80002E08848
:10913000402801D2E08800E0402086F8010296F83D
:1091400001223146284600F0AFF80AE0607805F5C4
:109150003171D5F8D42251F8221000228B682146B3
:10916000984747E0607830B1012832D00A2813D000
:109170000B282FD121E095F89C02032805D102226B
:109180006946284600F0B4F805E02146284600F07C
:109190007FF84FF0030824E095F89C02032805D1DE
:1091A000012201A9284600F0A3F805E0214628463F
:1091B00000F06EF84FF0030813E095F89C020328C6
:1091C00005D02146284600F063F84FF0030808E078
:1091D00009E006E02146284600F05AF84FF003085F
:1091E00000BF00BF06E02146284600F051F84FF0CE
:1091F000030800BF00BF40466FE770B504460D4648
:109200000026D4F8B802294642682046904700B1AB
:109210000326304670BD70B504460D4694F89C0296
:10922000012804D0022803D003280CD101E000BF9C
:1092300000BF6888012805D10020C4F8A402204698
:1092400000F068F804E02946204600F021F800BF4D
:1092500000BF70BD024600207047024600207047E4
:1092600070B506460C4615462B4622460021304670
:1092700000F0E2FC002070BD70B506460C461546B5
:109280002B4622460021304600F0C6FD002070BD6E
:1092900070B504460D468021204600F08DFD00216A
:1092A000204600F089FD70BD70B504460E46154697
:1092B0000320C4F89402C4F854514FF4B27006511C
:1092C0004FF4AC7005512B4632460021204600F089
:1092D000B3FC002070BD10B504460520C4F894020C
:1092E00000231A461946204600F0A6FC002010BDB7
:1092F00070B504460E4615460220C4F89402656116
:109300006662A5612B4632460021204600F084FDAE
:10931000002070BD10B504460420C4F89402002358
:109320001A461946204600F077FD002010BD0000C7
:1093300070B505460C462DB92246064906A000F038
:1093400012FA04E02246034903A000F00CFA014897
:1093500070BD00008867002043444320436F6E6661
:10936000696700000246122008800148704700002B
:109370006804002070B505460C462DB92246064902
:1093800006A000F0F0F904E02246034903A000F033
:10939000EAF9014870BD000088670020434443207B
:1093A000496E7465726661636500000002460420C0
:1093B00008800148704700007C04002070B5054615
:1093C0000C462246024903A000F0CDF9004870BDCA
:1093D0008867002053544D6963726F656C656374D0
:1093E000726F6E696373000070B505460C462DB947
:1093F0002246064906A000F0B6F904E022460349D9
:1094000003A000F0B0F9014870BD0000886700209B
:1094100053544D3332205669727475616C20436F1A
:109420006D506F727400000070B505460C461A202E
:109430002080F9F701F9014870BD00008004002088
:1094400070B504460D46E888012804D02946204618
:10945000FFF71EFF1EE094F89C02012804D00228AA
:1094600003D0032810D109E000BF0020A060012232
:1094700004F108012046FFF73BFF0AE00122211D0D
:109480002046FFF735FF04E029462046FFF700FF9E
:1094900000BF00BF70BDF8B504460E460020009026
:1094A0000027002570880012082875D2DFE800F038
:1094B000C7040C20C7C7A5B5207CD4F8B4120A682D
:1094C000694690470746C1E0207C40B9D4F8B8020D
:1094D000816A6846884707460220787007E0D4F81A
:1094E000B802C16A68468847074602207870ADE036
:1094F000B078062878D2DFE800F00316293C5063E4
:10950000D4F8B402406838B1207CD4F8B4124A6868
:1095100069469047074605E031462046FFF7B8FE0A
:10952000681CC5B267E0D4F8B402806838B1207C0A
:10953000D4F8B4128A6869469047074605E0314678
:109540002046FFF7A5FE681CC5B254E0D4F8B4026B
:10955000C06838B1207CD4F8B412CA686946904714
:10956000074605E031462046FFF792FE681CC5B26B
:1095700041E0D4F8B402006938B1207CD4F8B412C8
:109580000A6969469047074605E031462046FFF7DD
:109590007FFE681CC5B22EE051E0D4F8B4024069E9
:1095A00038B1207CD4F8B4124A696946904707461E
:1095B00005E031462046FFF76BFE681CC5B21AE095
:1095C000D4F8B402806940B1207CD4F8B4128A691E
:1095D00069469047074606E006E031462046FFF719
:1095E00057FE681CC5B206E031462046FFF750FE24
:1095F000681CC5B200BF00BF28E0207C30B9D4F899
:10960000B802416B68468847074605E03146204668
:10961000FFF73EFE681CC5B218E0207C40B9D4F8C4
:10962000B802016B6846884707460720787005E056
:1096300031462046FFF72CFE681CC5B206E03146D5
:109640002046FFF725FE681CC5B200BF00BF05B16C
:10965000F8BDF088C0B1BDF8000080B1F088BDF859
:109660000010884202DDBDF8000000E0F0880090A4
:10967000BDF8002039462046FFF73AFE07E03146A4
:109680002046FFF705FE02E02046FFF743FE00BF3D
:10969000DEE72DE9F84105460F462C462E464FF0F1
:1096A000000870883178884218DD307800900FE02B
:1096B0006946204600F020F804466078052807D166
:1096C000A04698F80200B84200D106E04FF000082A
:1096D0007088BDF800108842EADC00BF4046BDE853
:1096E000F881014600200A4602E0431CD8B2521C11
:1096F0001378002BF9D1704710B5024610460B883D
:10970000047823440B800378981810BD70B5044684
:109710000D4694F89C02012804D0022803D00328A7
:109720001AD101E000BF00BFE888022804D0294612
:109730002046FFF7ADFD14E00120E060D4F8A4025C
:1097400018B1E06840F00200E060022204F10C0170
:109750002046FFF7CDFD04E029462046FFF798FD9F
:1097600000BF00BF70BD2DE9F04107460D46904691
:1097700000240FB9BDE8F0813E463046FFF7B1FF47
:10978000022101EB4000B0F5007F01D9080204E09E
:109790003046FFF7A6FF4000801CA8F8000098F8AC
:1097A00000002855601CC4B203202855601CC4B2B8
:1097B00008E030782855761C601CC4B2002028557B
:1097C000601CC4B230780028F3D100BFD2E7014654
:1097D000002031B1012906D0022906D0032908D181
:1097E00005E0002007E0032005E0012003E003205E
:1097F00001E0032000BF00BF70472DE9F04104469F
:109800000D46164614B90320BDE8F0810020C4F8C7
:10981000B802C4F8C402C4F8D0020DB1C4F8B452FE
:10982000012084F89C022670204600F055F9074676
:109830003846E9E72DE9F04104460D4600260027A9
:109840002946D4F8C802FAF712F906463046FFF75F
:10985000BEFF07463846BDE8F0812DE9F0410446D9
:109860000D46002600272946D4F8C802FAF7CAF8A0
:1098700006463046FFF7ABFF07463846BDE8F081A5
:109880002DE9F04705460F469146002F5AD105F1C4
:109890001404D5F8940202284AD1A189606888424C
:1098A00013D9A1896068401A6060A18920690844C1
:1098B0002061284662682169FFF7DEFC00231A4612
:1098C0001946284600F0B8F932E0A089616888425C
:1098D00017D1A1892068884213D32068D5F898123F
:1098E00088420ED2002211462846FFF7C5FC002010
:1098F000C5F8980200231A461946284600F09CF93C
:1099000016E095F89C0203280BD1D5F8B802C06880
:1099100038B10020C5F8D402D5F8B802C16828468D
:1099200088478021284600F047FA2846FFF7D3FCF5
:1099300095F8A00250B3284600F0C5FA002085F83B
:10994000A00223E047F080012846FFF783FC06468B
:10995000FF2E1BD0D6B995F89C02032816D105F529
:109960002E7050F82600406980B1C5F8D46205F524
:109970002E7050F8260039464269284690478046A6
:10998000B8F1000F02D04046BDE8F0870020FBE7A9
:109990002DE9F04705460F4691464FF00008002F8D
:1099A00055D105F5AA76D5F89402032873D1B1896B
:1099B0007068884214D9B1897068401A7060B189A2
:1099C000306908443061B3897068984201D9706881
:1099D00000E0B089024628463169FFF741FC5AE0B1
:1099E00095F8AA0200F01F0020B1012804D0022837
:1099F00012D109E0002411E040F2AE20415D28467A
:109A0000FFF72BFC044609E040F2AE20415D2846FA
:109A1000FFF720FC044601E0002400BF00BF94B91A
:109A200095F89C0203280ED105F52E7050F82400FD
:109A3000006940B1C5F8D44205F52E7050F82400F5
:109A40000169284688472846FFF764FC23E007F0B1
:109A50007F012846FFF7FEFB0446FF2C1BD0D4B93C
:109A600095F89C02032810D105F52E7050F82400BB
:109A7000806950B1C5F8D44205F52E7050F8240025
:109A800039468269284690478046B8F1000F02D0D7
:109A90004046BDE8F0870020FBE701460020704704
:109AA00070B504460025012084F89C02D4F8B80261
:109AB00038B12179D4F8B80242682046904700B105
:109AC0000325284670BD70B504460D462946D4F8D6
:109AD000C802FAF70AF870BD10B5044620780028CD
:109AE0002AD11648C0F8E044C4F8C8024FF0A0409C
:109AF000124908600420087102211048C171002138
:109B000081710221417200218172C17201738173DE
:109B1000C173FAF73FFC08B1F8F78BFD80210748C5
:109B2000F9F7F5FE402200210448F9F7F5FE8022FE
:109B300001210248F9F7F0FE002010BD88790020CD
:109B400010B50246D2F8C83201F08000802809D151
:109B500001F07F0000EBC00403F1140000EB84006F
:109B6000807810BD01F07F0000EBC00403F5157094
:109B700000EB84008078F4E770B504460D4604F5E8
:109B80002E70D4F8D41250F8210008B9032070BD0B
:109B900094F89C02032811D104F52E70D4F8D41245
:109BA00050F82100006A48B104F52E70D4F8D412A0
:109BB00050F821002946026A204690470020E6E737
:109BC00070B504460D4604F52E70D4F8D41250F842
:109BD000210008B9032070BD94F89C02032811D11C
:109BE00004F52E70D4F8D41250F82100406A48B120
:109BF00004F52E70D4F8D41250F821002946426A98
:109C0000204690470020E6E72DE9F04704460F463E
:109C100015461E464FF00008C1462B4632463946CF
:109C2000D4F8C802F9F76CFF80464046FFF7CFFD35
:109C300081464846BDE8F0872DE9F04704460D46C9
:109C400016461F464FF00008C1463B46324629469D
:109C5000D4F8C802F9F79BFF80464046FFF7B7FDEE
:109C600081464846BDE8F08770B5044600250120CE
:109C700084F89C020020C4F894026060C4F8A40236
:109C800084F8A002D4F8B80258B1D4F8B8024068F9
:109C900038B12179D4F8B80242682046904700B123
:109CA00003254023002211462046FFF7ADFF012186
:109CB00040F2631001554021C01E01534023002291
:109CC00080212046FFF7A0FF0121232001554021DC
:109CD0002184284670BD014691F89C02042803D1D6
:109CE00091F89D0281F89C020020704710B504464F
:109CF00094F89C0203280BD1D4F8B80240B1D4F8F0
:109D0000B802C06920B1D4F8B802C16920468847BA
:109D1000002010BD02461174002070472DE9F0416B
:109D200004460D46002600272946D4F8C802FAF753
:109D30005BFC06463046FFF74AFD07463846BDE85D
:109D4000F08170B504460D46294604F2AA2000F0C1
:109D50007BF80120C4F894024FF42C70005BC4F827
:109D6000980294F8AA0200F01F0020B1012809D03F
:109D7000022815D10DE004F2AA21204600F088F94E
:109D8000064616E004F2AA21204600F01AFB064619
:109D90000FE004F2AA21204600F0D1F9064608E0BF
:109DA00094F8AA0200F08001204600F005F806466B
:109DB00000BF00BF304670BD2DE9F04104460D469E
:109DC000002600272946D4F8C802F9F703FF064603
:109DD0003046FFF7FCFC07463846BDE8F08170B519
:109DE000044600250026D4F8C802FAF720FC0546F0
:109DF0002846FFF7ECFC0646304670BD014691F858
:109E00009C02042803D091F89C0281F89D02042052
:109E100081F89C02002070472DE9F04704460D466A
:109E200016461F464FF00008C1463B4632462946BB
:109E3000D4F8C802F9F713FF80464046FFF7C7FC85
:109E400081464846BDE8F08770B505460E46344663
:109E500020782870641C20786870641C2046FEF707
:109E60007BF96880641C641C2046FEF775F9A880A5
:109E7000641C641C2046FEF76FF9E88070BD38B59D
:109E800004460D46002000900DB9032038BDC4F8EB
:109E9000B85204F52E70D4F8D41250F82100C06ADC
:109EA00050B104F52E70D4F8D42250F82200C16AC3
:109EB00068468847C4F8D002D4F8D802401CC4F8D9
:109EC000D8020020E2E701460020704770B5044642
:109ED0000D46A88810BBE88800BB688880281DD282
:109EE000A87800F07F0694F89C02032804D1294644
:109EF0002046FFF7CDF915E084F89E6231462046F2
:109F0000FFF70CFF2046FFF705FA1EB1022084F888
:109F10009C0207E0012084F89C0203E029462046C9
:109F2000FFF7B6F970BD70B504460D460026D4F8AB
:109F3000B80230B1D4F8B8022946026820469047EA
:109F40000646304670BD000070B504460E4600253A
:109F5000B0783D49087008460078012805D9314697
:109F60002046FFF795F9032070BD94F89C02022863
:109F700002D0032859D11FE033480078C0B13248DD
:109F800000786060304801782046FFF7CCFF054636
:109F90003DB131462046FFF77BF9022084F89C0250
:109FA00009E02046FFF7B6F9032084F89C0202E09E
:109FB0002046FFF7AFF943E02348007870B902204C
:109FC00084F89C022048007860601F480178204691
:109FD000FFF713F92046FFF79DF925E01A490978A4
:109FE000606888421DD021792046FFF706F916489F
:109FF00000786060144801782046FFF794FF05461A
:10A000005DB131462046FFF743F921792046FFF73D
:10A01000F4F8022084F89C0206E02046FFF77AF963
:10A0200002E02046FFF776F90AE031462046FFF7C6
:10A030002FF9054801782046FFF7DFF8032500BF18
:10A0400000BF284690E70000B004002070B5054628
:10A050000C466088012805D1C5F8A4022846FFF700
:10A0600059F90EE06088022807D1A088001285F80F
:10A07000A0022846FFF74EF903E021462846FFF7E5
:10A0800007F970BD10B504462046FFF7A8FE10BDC5
:10A0900070B504460D460026287800F0600088B1AF
:10A0A000202802D0402842D100E000BF04F52E70E5
:10A0B000D4F8D41250F821002946826820469047EF
:10A0C000064639E068780A282AD2DFE800F01A2428
:10A0D000291F290A0529150F29462046FFF7DBF914
:10A0E00023E029462046FFF7F1FE1EE029462046E0
:10A0F000FFF72AFF064618E029462046FFF7A0F999
:10A1000013E029462046FFF701FB0EE029462046D2
:10A11000FFF79CFF09E029462046FFF77CF804E0A2
:10A1200029462046FFF7B4F800BF00BF04E02946E7
:10A130002046FFF7ADF800BF00BF304670BD2DE9E7
:10A14000F04705460F464FF000093C79387800F09B
:10A150006000F8B1202802D040287DD100E000BF87
:10A1600021462846FFF776F80646FF2E11D086B91D
:10A17000C5F8D46205F52E7050F82600806840B10D
:10A1800005F52E7050F8260039468268284690471B
:10A19000814612E1787800287AD001282FD0032850
:10A1A0006ED195F89C02022802D0032820D110E03D
:10A1B00054B1802C08D021462846FFF7FDFD8021B0
:10A1C0002846FFF7F9FD03E039462846FFF760F817
:10A1D00013E0788840B93CB1802C05D0F88818B9D4
:10A1E00021462846FFF7E8FD2846FFF793F804E0EC
:10A1F00039462846FFF74CF800BF00BFD6E095F877
:10A200009C02022802D003283BD110E054B1802CDC
:10A2100008D021462846FFF7CFFD80212846FFF7CA
:10A22000CBFD03E039462846FFF732F82EE0788868
:10A2300020BB04F07F0018B121462846FFF7FAFA48
:10A240002846FFF767F821462846FFF703F8064639
:10A25000FF2E13D096B900E0AAE0C5F8D46205F548
:10A260002E7050F82600806840B105F52E7050F829
:10A2700026003946826828469047814606E007E076
:10A280008FE039462846FFF703F800BF00BF8DE096
:10A2900095F89C02022802D003287BD127E034B134
:10A2A000802C04D039462846FEF7F2FF77E004F010
:10A2B0008000802808D104F07F0000EB800105F1C8
:10A2C000140000EB810007E004F07F0000EB800148
:10A2D00005F5AA7000EB81008046002088F80E008A
:10A2E000022208F10E012846FFF702F857E004F0B9
:10A2F000800080280ED104F00F0000EB800105F1F2
:10A30000140000EB8100C07B98B939462846FEF75F
:10A31000BFFF44E004F00F0000EB800105F5AA70D8
:10A3200000EB8100C07B20B939462846FEF7B0FF1C
:10A3300035E004F08000802808D104F07F0000EBB5
:10A34000800105F1140000EB810007E004F07F00BC
:10A3500000EB800105F5AA7000EB810080460CB18E
:10A36000802C03D1002088F80E000CE021462846FE
:10A37000FFF7E6FB20B1012088F80E0003E009E0BA
:10A38000002088F80E00022208F10E012846FEF790
:10A39000AFFF04E039462846FEF77AFF00BF00BF52
:10A3A00004E039462846FEF773FF00BF00BF04E013
:10A3B00039462846FEF76CFF00BF00BF4846BDE89F
:10A3C000F0872DE9F04105460E460027307800F071
:10A3D000600030B1202802D0402840D100E000BF0A
:10A3E00000BF95F89C02012804D0022803D003285E
:10A3F0002ED101E000BF00BF3079012823D8317988
:10A400002846FEF72AFF0446FF2C14D09CB905F518
:10A410002E7050F82400806858B1C5F8D44205F574
:10A420002E7050F82400314682682846904707462F
:10A4300002E0032700E00327F08840B93FB928462F
:10A44000FEF768FF03E031462846FEF721FF04E0EF
:10A4500031462846FEF71CFF00BF00BF04E031462E
:10A460002846FEF715FF00BF00BF3846BDE8F08163
:10A470007047000001460148704700006C7E0020D4
:10A4800070B504460B4622461978587801282CD11D
:10A4900040F61C0080581D7805F00F060125B540D8
:10A4A000ADB2284340F61C05A85002F5106000EB41
:10A4B0004110006800F40040F0BB1889C0F30A00A6
:10A4C0001D7940EA854040EA815040F0805040F4D8
:10A4D000004002F5106505EB41152D68284302F593
:10A4E000106505EB411528602DE040F61C008058F2
:10A4F0001D7805F00F060125B540144E06EA054506
:10A50000284340F61C05A85002F5306000EB4110CE
:10A51000006800F4004078B91889C0F30A001D797A
:10A5200040EA854040F0805040F4004002F530653C
:10A5300005EB41152D6800E005E0284302F5306584
:10A5400005EB41152860002070BD00000000FFFFF2
:10A5500001460A464FF410608058C30ADB024FF4EC
:10A560001060835040F60400805840F4807340F639
:10A5700004008350002070470FB470B504469DF866
:10A580001900012818D1A06B20F48030A063E06886
:10A590001B490840E060E06820F44010E0609DF84E
:10A5A0002000012803D1E06840F48010E0602046DC
:10A5B00000F028F8054613E0E06840F04000E06055
:10A5C000204600F01FF805469DF81D0020B9A06B3D
:10A5D00040F48030A06303E0A06B20F48030A063DF
:10A5E0009DF81600012807D1A06840F00600A06081
:10A5F000A06840F02000A060284670BC5DF814FB05
:10A60000BFFFBDFF08B501460020009000BF0098C5
:10A61000401C00900098B0F1706F01D9032008BD74
:10A62000086900F000400028F1D00A20009002E004
:10A630000098401E009000980028F9D1086940F069
:10A640000100086100BF0098401C00900098B0F124
:10A65000706F01D90320E2E7086900F001000028CB
:10A66000F1D100BFDBE7000070B504460B4622467F
:10A6700019785878012848D102F5106000EB411094
:10A68000006800F00040B0F1004F17D102F51060F3
:10A6900000EB4110006840F0006502F5106000EB2F
:10A6A0004110056002F5106000EB4110006840F0B9
:10A6B000804502F5106000EB4110056040F63C005B
:10A6C00080581D7805F00F060125B540ADB2A843AE
:10A6D00040F63C05A85040F61C0080581D7805F057
:10A6E0000F060125B540ADB2A84340F61C05A850A1
:10A6F00002F5106000EB411000682B4D284002F578
:10A70000106505EB411528604BE002F5306000EB69
:10A710004110006800F00040B0F1004F17D102F581
:10A72000306000EB4110006840F0006502F53060D9
:10A7300000EB4110056002F5306000EB411000684D
:10A7400040F0804502F5306000EB4110056040F6B6
:10A750003C0080581D7805F00F060125B540134ECA
:10A7600006EA0545A84340F63C05A85040F61C0003
:10A770008558187800F00F060120B0400B4E06EA0D
:10A780000040854340F61C00855002F5306000EB28
:10A7900041100068064D284002F5306505EB411573
:10A7A0002860002070BD0000007833EC0000FFFF3F
:10A7B0000078F3EF01460A46D2F8000E20F00300BD
:10A7C000C2F8000E40F60400805820F0020340F664
:10A7D000040083500020704701460A46D2F8000E5C
:10A7E00020F00300C2F8000E40F60400805840F04C
:10A7F000020340F604008350002070470FB4F0B508
:10A80000054600272E46002405E0002105F582704C
:10A8100040F82410641C0F2CF7D39DF82200A0B937
:10A8200040F60400805940F0020140F604008151D6
:10A83000A86B40F40010A863A86B20F40020A86364
:10A84000A86B20F48020A86307E0A86B20F4001018
:10A85000A863A86B40F40020A8630020C6F8000E8F
:10A860009DF81D0001280CD19DF81B0020B9002186
:10A87000284600F064FD08E00121284600F05FFD55
:10A8800003E00321284600F05AFD1021284600F07D
:10A8900002FC00B10127284600F0D5FB00B10127DA
:10A8A00000214FF401608151001D815140F61C00D0
:10A8B000815100242EE006F5106000EB4410006882
:10A8C00000F00040B0F1004F10D13CB94FF00061F2
:10A8D00006F5106000EB441001600DE04FF0904170
:10A8E00006F5106000EB4410016005E0002106F55C
:10A8F000106000EB44100160002106F5106000EBD1
:10A90000441001614FF67F3106F5106000EB4410F2
:10A910008160641C9DF81800A042CCD800242EE071
:10A9200006F5306000EB4410006800F00040B0F124
:10A93000004F10D13CB94FF0006106F5306000EBDC
:10A94000441001600DE04FF0904106F5306000EBDF
:10A950004410016005E0002106F5306000EB441072
:10A960000160002106F5306000EB441001614FF6F4
:10A970007F3106F5306000EB44108160641C9DF867
:10A980001800A042CCD84FF40160805920F48071A7
:10A990004FF4016081510020A8616FF08040686130
:10A9A0009DF81A0018B9A86940F01000A861A869BC
:10A9B0000A490843A8619DF81E0018B1A86940F033
:10A9C0000800A8619DF82200012803D1A869044964
:10A9D0000843A8613846F0BC5DF814FB00383C80A1
:10A9E000040000400146886820F0010088600020D3
:10A9F0007047000070B503460C4619461D6C184898
:10AA0000854209D94FF43060405800F00040B0F161
:10AA1000004F01D1002070BD0026C1F8106BD1F8A5
:10AA2000100B40F40026C1F8106BD1F8100B40F069
:10AA30001806C1F8106BD1F8100B40F0C046C1F8F1
:10AA4000106B012C09D1C1F8142B4FF43060405821
:10AA500040F080264FF4306046500020DBE70000D5
:10AA60000A30544F30B504460B46224619785878C0
:10AA700001281ED102F5106000EB4110006820F49F
:10AA8000001502F5106000EB4110056018790328ED
:10AA900002D0187902282AD102F5106000EB41108B
:10AAA000006840F0805502F5106000EB4110056031
:10AAB0001DE002F5306000EB4110006820F4001545
:10AAC00002F5306000EB411005601879032802D0D0
:10AAD000187902280BD102F5306000EB41100068B4
:10AAE00040F0805502F5306000EB41100560002019
:10AAF00030BD30B504460B462246197858780128F7
:10AB000021D102F5106000EB4110006800F0004018
:10AB100060B959B102F5106000EB4110006820F0F7
:10AB2000804502F5106000EB4110056002F51060F1
:10AB300000EB4110006840F4001502F5106000EBD6
:10AB40004110056020E002F5306000EB4110006824
:10AB500000F0004060B959B102F5306000EB4110DF
:10AB6000006820F0804502F5306000EB4110056080
:10AB700002F5306000EB4110006840F4001502F56A
:10AB8000306000EB41100560002030BD2DE9F84336
:10AB900081460E4690464D463478707801287DD126
:10ABA000306920BB05F5106000EB44100069E649F0
:10ABB000084005F5106101EB4411086105F51060CE
:10ABC00000EB4410006940F4002105F5106000EB33
:10ABD0004410016105F5106000EB44100069C10CE0
:10ABE000C90405F5106000EB441001616FE005F544
:10ABF000106000EB44100069C10CC90405F5106039
:10AC000000EB4410016105F5106000EB4410006991
:10AC1000CD49084005F5106101EB4411086194B974
:10AC2000B1683069884201D9B068306105F51060BB
:10AC300000EB4410006940F4002105F5106000EBC2
:10AC40004410016135E0B16830690844401EB0FB32
:10AC5000F1F087B205F5106000EB44100069BA49C5
:10AC6000C94301EAC741084305F5106101EB4411EE
:10AC70000861307901281CD105F5106000EB441003
:10AC8000006920F0C04105F5106000EB441001613F
:10AC900005F5106000EB4410006900E099E04FF00A
:10ACA000C04101EA4771084305F5106101EB441109
:10ACB000086105F5106000EB441000693169C1F3CB
:10ACC0001201084305F5106101EB44110861B8F168
:10ACD000010F36D1F06928B105F5106000EB441082
:10ACE000F1694161307901281ED140F608004059D0
:10ACF00000F4807060B905F5106000EB4410006846
:10AD000040F0005105F5106000EB441001600BE0CD
:10AD100005F5106000EB4410006840F0805105F527
:10AD2000106000EB4410016005F5106000EB44106A
:10AD3000006840F0044105F5106000EB441001602C
:10AD4000FEE005F5106000EB4410006840F004419F
:10AD500005F5106000EB44100160307901280FD038
:10AD600030690028ECD040F634004059317801F0C9
:10AD70000F0201219140084340F634014851DFE0C1
:10AD800040F60800405900F4807060B905F5106085
:10AD900000EB4410006840F0005105F5106000EB36
:10ADA000441001600BE005F5106000EB44100068F2
:10ADB00040F0805105F5106000EB44100160CDF8C3
:10ADC0000080308A83B232784846F16800F034FB64
:10ADD000B6E005F5306000EB44100069C10CC90411
:10ADE00005F5306000EB4410016105F5306000EBC3
:10ADF000441000695449084005F5306101EB4411E5
:10AE0000086104BB306908B1B0683061B068306275
:10AE100005F5306000EB44100069316AC1F312019E
:10AE2000084305F5306101EB4411086105F5306018
:10AE300000EB4410006940F4002105F5306000EBA0
:10AE40004410016143E03069D0B905F5306000EB92
:10AE500044100069B168C1F31201084305F530617F
:10AE600001EB4411086105F5306000EB4410006906
:10AE700040F4002105F5306000EB4410016126E04C
:10AE8000B16830690844401EB0FBF1F087B2B06889
:10AE90007843306205F5306000EB441000692A49C0
:10AEA000C94301EAC741084305F5306101EB44118C
:10AEB000086105F5306000EB44100069316AC1F3A8
:10AEC0001201084305F5306101EB44110861B8F146
:10AED000010F07D1F06828B105F5306000EB441090
:10AEE000F1684161307901281ED140F608004059CF
:10AEF00000F4807060B905F5306000EB4410006824
:10AF000040F0005105F5306000EB441001600BE0AB
:10AF100005F5306000EB4410006840F0805105F505
:10AF2000306000EB4410016005F5306000EB441028
:10AF3000006840F0044105F5306000EB441001600A
:10AF40000020BDE8F8830000FFFF07E078B5034666
:10AF50000024009400201A464C78012C35D10C783E
:10AF600002F5106505EB4414246804F00044B4F1C4
:10AF7000004F60D10C7805EB4414246844F000665F
:10AF80000C7805EB441426600C7805EB4414246817
:10AF900044F080460C7805EB4414266000BF009C0A
:10AFA000641C009442F21075009CAC4201D901204F
:10AFB0000AE00C7802F5106505EB4414246804F0EF
:10AFC0000044B4F1004FEAD035E00C7802F530656A
:10AFD00005EB4414246804F00044B4F1004F2AD176
:10AFE0000C7805EB4414246844F000660C7805EBFB
:10AFF000441426600C7805EB4414246844F0804621
:10B000000C7805EB4414266000BF009C641C00947F
:10B0100042F21075009CAC4201D901200AE00C7884
:10B0200002F5306505EB4414246804F00044B4F1E3
:10B03000004FEAD000BF78BD0146886840F00100AB
:10B0400088600020704708B501460020009000BFCE
:10B050000098401C00900098B0F1706F01D9032057
:10B0600008BD086900F000400028F1D000200090E1
:10B070001020086100BF0098401C00900098B0F1BB
:10B08000706F01D90320EBE7086900F01000102869
:10B09000F1D00020E4E708B502460020009000BF90
:10B0A0000098401C00900098B0F1706F01D9032007
:10B0B00008BD106900F000400028F1D00020009089
:10B0C000202040EA8110106100BF0098401C0090D1
:10B0D0000098B0F1706F01D90320E9E7106900F022
:10B0E00020002028F1D00020E2E710B501460B46F1
:10B0F00040F60804E45804F006020AB9002006E00D
:10B10000022A01D0062A01D1022000E00F2010BD42
:10B110000146486900F001007047000010B50D4875
:10B120000078B0B94FF480610B48F5F74CFA002075
:10B130000A4908600A4908600A490860012005496F
:10B1400008700948002101604160816000200749C2
:10B15000086010BD740300207410002068030020F4
:10B160006C0300207003002068100020640300209E
:10B1700001460B4640F61800C258001DC058024058
:10B1800090B2704701460B4640F61800C258001DA9
:10B19000C0580240100C704770B5024613464FF479
:10B1A0000166F45840F63406F55801F00F0625FA0A
:10B1B00006F606F0010644EAC61403F5106606EB2F
:10B1C0004116B66806EA040070BD10B50246134683
:10B1D00003F5306404EB4114A06840F61404E4580D
:10B1E000204010BD014648698A69104070472DE92A
:10B1F000F04104460D46274628464FEA920C02F0DD
:10B20000030300210AE04FF4805858F80780C0F883
:10B210000080401C401C401C401C491C6145F2D36E
:10B220009BB100214FF4805858F8076000BF4FEAE7
:10B23000C10826FA08F880F80080491C401CA3F1D8
:10B2400001081FFA88F3002BF1D1BDE8F08100005E
:10B2500070B505460C46FCB1002012E00F4A12689A
:10B26000521CC2F309010E4A1268914207D02A5CAF
:10B270000C4B0A4E36689A55084A116000E002E00D
:10B28000401CA042EAD300BF0748006820B1214615
:10B290002846054A1268904770BD000068030020E8
:10B2A0006C030020741000207003002070B5044669
:10B2B0000E460025E06820F0C040E060012E10D16D
:10B2C000E06840F00050E06000BF0A20F8F7F0F8B6
:10B2D0000A352046FFF71CFF012815D0C82DF4D3EE
:10B2E00012E07EB9E06840F08040E06000BF0A20D4
:10B2F000F8F7DEF80A352046FFF70AFF20B1C82D1F
:10B30000F5D301E0012070BDC82D01D10120FAE77D
:10B310000020F8E710B502460B461146D1F80008A8
:10B3200020F4FE60C1F80008D1F800084FF4FE6474
:10B3300004EA03142043C1F80008002010BD0246AF
:10B340001346D3F800080843C3F8000800207047EC
:10B3500030B503461446022C49D12D48814204D30E
:10B360002C48814201D20F2245E02A48814204D371
:10B370002948814201D20E223DE02748814204D370
:10B380002648814201D20D2235E02448814204D36F
:10B390002348814201D20C222DE02148814204D36E
:10B3A0002048814201D20B2225E01E48814204D36D
:10B3B0001D48814201D20A221DE01B48814204D36C
:10B3C0001A48814201D2092215E01848814204D36B
:10B3D0001748814201D208220DE01548814204D36A
:10B3E0001448814201D2072205E0062203E00CB98D
:10B3F000092200E00922D86820F47050D860D8688B
:10B400004FF4705505EA82252843D860002030BDEE
:10B41000C0ACD800C0E1E4000024F4008073060151
:10B42000A0491A01002D310140A44C0100366E01E3
:10B4300020ABA6010048E8012DE9F04304460D4683
:10B440001E46DDF81CC0A0462946BCF1000F12D1F3
:10B45000F01C870800230CE0D1F8009008F580501C
:10B4600000EB0230C0F80090491C491C491C491CE3
:10B470005B1CBB42F0D30020BDE8F08300BFFEE7B9
:10B4800000BF012001F051F8FBE72DE9FC41064621
:10B490000C4617461D46DDF82080002C04DA604279
:10B4A00004B244F4004004B28DF8005022460DF17D
:10B4B0000201481EFAF74CFD424601A9481EFAF760
:10B4C00047FD3A460DF10601481EFAF741FD0723F4
:10B4D0006A462921304600F0CDFFBDE8FC814100DD
:10B4E000080218BF04200A0E18BF40F001004FF0F8
:10B4F0007F4232EA010108BF40F00200012808BF84
:10B500000520704702480068C0F302207047000021
:10B510000CED00E010B5002804DB0A07130E054A05
:10B52000135406E00A07140E034A00F00F031B1F12
:10B53000D45410BD00E400E018ED00E010B510EEAA
:10B54000104A4FF01A402DED028B00EB4400B0F191
:10B55000C85F4AD84FF0FC40B0EB440F22D2B0EEA7
:10B56000C00AF7EE000A30EEC00AF6EE000A20EE3E
:10B57000208A18EE100A01F0F5FB00EE100A14F014
:10B58000004F1DBF9FED281ADFED280AB1EE400ADB
:10B590009FED271A08BFF0EE410AF8EE001A20EEE0
:10B5A000210A05E020EE008A9FED221ADFED220A33
:10B5B000DFED221A9FED222A70EEC00A20EE080A63
:10B5C00008EE212ADFED1F1A48EE021A9FED1E2A0F
:10B5D00008EE212ADFED1D1A48EE021ABDEC028B9F
:10B5E00040EE610A30EE810A10BD4FF0CC40B0EB66
:10B5F000440F82BF9FED160ABDEC028B10BD4FF0C9
:10B600007F40B0EB440F05D2BDEC028BBDE810408B
:10B6100000F0ADB90120F5F7A1F8BDEC028BBDE853
:10B62000104000F0A7B900000000494022AA7D3A6E
:10B63000000000000000C93F22AAFD3924FE1C3D85
:10B64000C78AD83C1E67383D1B93993DAFAA2A3E56
:10B65000DB0FC93F10EE101A08B5444A6846B2EB3A
:10B66000410F28D94FF0E640B0EB410F94BF0020C6
:10B670004FF0FF3000900098002861DB60EE000A78
:10B6800010F0010F45D010F0020FDFED391A9FEDD9
:10B69000391A00EEE11ADFED381A40EE811A21EE78
:10B6A000A01AF0EE400A40EE010A08BFF1EE600A6F
:10B6B000B0EE600A08BD314B21F0004293423CD904
:10B6C00011F0004FDFED2E0A20EE201ADFED2D0ADB
:10B6D00019BF31EE601A71EE200A31EE201A71EEB8
:10B6E000600ABDEEE01A11EE100A9FED271A00F075
:10B6F000030000EEC10A9FED251A009000EEC10A7A
:10B700009FED231A00EEC10A9FED221A00EEC10A36
:10B71000B1E79FED211A9FED210A10F0020F00EE14
:10B72000810A9FED1F1A00EE801AB7EE000A00EEA4
:10B73000810A18BFB1EE400A08BD00F02BF99AE764
:10B7400010EE100A4000B0F17F4F3CBFB7EE000A88
:10B7500008BD07D14FF00100F5F700F8BDE808403B
:10B7600000F008B9BDE8084000F001B9B61F927EAC
:10B77000336D4C39DA82083CA0AA2ABE490E4946EC
:10B7800083F9223F0000004B0000C93F00A0FD39B3
:10B790000020A2331A61342CB93AB2BACA9F2A3DAA
:10B7A000DDFFFFBE00B510EE101A2DED028B81B04B
:10B7B000524A6846B2EB410F2ED94FF0E640B0EB4B
:10B7C000410F94BF00204FF0FF3000900098B0EE82
:10B7D000408A00286ADB10F0010F4BD068EE080A9F
:10B7E0009FED471A9FED470A00EE810A9FED461A2A
:10B7F00010F0020F00EE801AB7EE000A00EE810A88
:10B8000002BF01B0BDEC028B00BD00BF01B0B1EEC4
:10B81000400ABDEC028B00BD3C4B21F0004293423C
:10B8200041D911F0004FDFED3A0A20EE201ADFED8A
:10B83000390A19BF31EE601A71EE200A31EE201A72
:10B8400071EE600ABDEEE01A11EE100A9FED321A99
:10B8500000F0030000EEC10A9FED301A009000EEE8
:10B86000C10A9FED2F1A00EEC10A9FED2E1A00EEBD
:10B87000C10AABE728EE080A9FED2B1ADFED2B0A71
:10B8800010F0020F40EE410A9FED291A00EE201A37
:10B8900061EE000AB0EE480A08EE200AB6D101B007
:10B8A000BDEC028B00BD00F075F88FE718EE100AB2
:10B8B0004000B0F17F4F0DD218EE100AFFF70FFED7
:10B8C000042808BF00F05EF8B0EE480A01B0BDECF5
:10B8D000028B00BD09D10120F4F740FF01B0BDEC9F
:10B8E000028B5DF804EB00F045B801B0B0EE480AF9
:10B8F000BDEC028B5DF804EB00F039B8B61F927E08
:10B90000B93AB2BACA9F2A3DDDFFFFBE490E494689
:10B9100083F9223F0000004B0000C93F00A0FD3921
:10B920000020A2331A61342C336D4C39DA82083C82
:10B93000A0AA2ABE10B52DED028BB1EEC08A18EE7A
:10B94000100A20F00040C0F1FF40C00F0AD010EEF6
:10B95000100A20F00040C0F1FF40C00F04BF0120DA
:10B96000F4F7FCFEB0EE480ABDEC028B10BD30EEE1
:10B97000000A7047DFED020A80EEA00A704700005F
:10B98000000000009FED020A20EE000A7047000050
:10B99000000000102DE9F0014FF07F42B2EB410FA3
:10B9A0009FBF4FF0FF310160BDE8F00170474FF0DD
:10B9B000004242EA0123C1F3C752783A551112F00E
:10B9C0001F0C434CCCF120067C44C1F3C752A2F1BA
:10B9D00078024FEA621204EB820254F8254008BF55
:10B9E000D2E9015612D0556804FA0CF425FA06F78C
:10B9F0003C43976805FA0CF527FA06F8D26807FA6F
:10BA00000CFCF24045EA08054CEA0206A4FB034C94
:10BA1000A5FB0352A6FB03631D449D4234BF0126D0
:10BA200000261319334416B1934202D903E093421E
:10BA300001D2012200E00022624402F1200C9206B1
:10BA4000DC0C42EA443200EE102A5B03DFED210AEF
:10BA5000F8EEC01A00EE103A4FEA9C1C11F0004FAD
:10BA6000B8EE400AC0F800C020EE201A00EE105ACE
:10BA7000DFED190AB8EE400A20EE200A71EE810AC5
:10BA800070EE800A10EE902A02F500626FF30B024E
:10BA900000EE902A70EEE11A31EEC11ADFED101AB5
:10BAA00030EE411A9FED0D0A20EE800A01EE210AC8
:10BAB0009FED0C1A00EE810A04BFBDE8F00170474B
:10BAC000CCF180510160BDE8F001B1EE400A704751
:10BAD00090290000000000360000802C22AAFD29D9
:10BAE000DB0FC92F0000C92F10B500F06FF9F6F772
:10BAF0004BF910BD10B5F6F76FF800F019FA10BD4C
:10BB000010B5F5F77FFA8020F5F7F8FB5520F5F72B
:10BB1000F5FB5520F5F7F2FB54490870F5F768FA84
:10BB20009FED530AF6F75CFBF5F76CFA8020F5F70A
:10BB3000E5FB5520F5F7E2FB5520F5F7DFFB4B4918
:10BB40000870F5F755FA9FED4A0AF6F749FBF5F745
:10BB500059FAB6217E20F5F7E3FBF5F749FA9FED98
:10BB6000450AF6F73DFBF5F74DFA8020F5F7C6FBE1
:10BB70005520F5F7C3FB5520F5F7C0FB3B4908708E
:10BB8000F5F736FA9FED3A0AF6F72AFBF5F73AFA97
:10BB90008020F5F7B3FB5520F5F7B0FB5520F5F7FE
:10BBA000ADFB32490870F5F723FA9FED310AF6F73D
:10BBB00017FB2E4800781E2801D0FF2010BD002062
:10BBC0002D4908704BE0F5F71DFA2B4A127802EB6D
:10BBD00042022A4B1A445178274A127802EB420259
:10BBE000985CF5F79DFBF5F703FA9FED210AF6F750
:10BBF000F7FAF5F707FA2049097801EB41011F4AE6
:10BC0000515C41F08000F5F779FB5520F5F776FBA4
:10BC10005520F5F773FB15490870F5F7E9F99FED25
:10BC2000140AF6F7DDFA1448007800EB40001349D7
:10BC3000084440780D49097888420BD00E480078B6
:10BC400000EB40000D49084480780D49097808430D
:10BC50000B49087008480078401C074908700648DE
:10BC600000780628AFDB0020A8E7000008020020CB
:10BC70006F12833A0AD7A33D090200201402002064
:10BC80000A02002010B5F5F7D1F949490020F5F76F
:10BC900028FBF5F7C1F99FED470AF6F7A1FAF5F78A
:10BCA000C5F943490020F5F71CFBF5F7B5F99FED01
:10BCB000410AF6F795FAF5F7B9F9B6211420F5F728
:10BCC0002FFBF5F7A9F99FED3C0AF6F789FAF5F78E
:10BCD000ADF937490020F5F704FBF5F79DF99FED25
:10BCE000350AF6F77DFAF5F7A1F931490020F5F7A5
:10BCF000F8FAF5F791F99FED2F0AF6F771FA2C484B
:10BD000000780F2801D0FF2010BD00202B490870BB
:10BD100047E0F5F78BF9294A127802EB4202284BEB
:10BD20001A445178254A127802EB4202985CF5F7E2
:10BD3000F7FAF5F771F99FED1F0AF6F751FAF5F7E3
:10BD400075F91E49097801EB41011D4A505C1849FB
:10BD5000F5F7C7FAF5F760F99FED160AF6F740FA1E
:10BD60001648007800EB4000154908444078104917
:10BD70000978884210D011480078401E0F49087099
:10BD80000846007800EB40000E49084480780E49D0
:10BD9000097808430C49087008480078401C074996
:10BDA0000870064800780628B3DB0020ACE70000E6
:10BDB000080200206F12833A0AD7A33D090200202F
:10BDC00026020020140200200A02002010B52DEDEA
:10BDD000028B9FED4A0AB0EE408A9FED490AF0EED1
:10BDE000408A48480068B0F9060010F5FA7F01DA89
:10BDF000012000E0002004469FED430A434800680C
:10BE0000F6F71EF94148006890ED040ADFED400A9C
:10BE1000B4EEE00AF1EE10FA3ADD012251023D489B
:10BE2000F7F754FC3C4890ED000AB4EEC80AF1EE76
:10BE300010FA0FD290ED000A30EE280A80ED000AC9
:10BE400090ED000AB4EEC80AF1EE10FA19DD80EDAB
:10BE5000008A16E0304890ED000AB4EEC80AF1EE10
:10BE600010FA0EDD90ED000A30EE680A80ED000A4F
:10BE700090ED000AB4EEC80AF1EE10FA01D280ED9E
:10BE8000008A254890ED000A24480068F6F7D8F8A3
:10BE900034B32248006890ED040ADFED210AB4EEC5
:10BEA000E00AF1EE10FA26DD1E48007840B9F7F7F7
:10BEB00013FC1D49086001201A49087000F076FA49
:10BEC000F7F70AFC18490968401A40F2DC51884229
:10BED00011D99FED160A0D480068F6F7B1F80AE08F
:10BEE0000020104908709FED080A08480068F6F71E
:10BEF000A7F800F07DFABDEC028B10BD00A00C4647
:10BF0000000048427803002000007A44D403002057
:10BF1000000061440010024000040020D003002013
:10BF200000D00446FC030020F803002000401C461B
:10BF300010B5A820F6F7EAF900F02AF810BD1CB5F4
:10BF40000020009000241EE0012101A800F02EFE38
:10BF500008B900201CBD9DF800008DF801009DF877
:10BF600004008DF800009DF80000FF2804D19DF822
:10BF70000100FF2800D107E0601CC0B204460A2877
:10BF800001DD0020E6E7DFE700BF0120E2E7000077
:10BF900000B5ADF50D7D4FF48C720B4947A8F4F751
:10BFA000E0FA47A8F5F7D0FF084908604FF48C7213
:10BFB000074901A8F4F7D5FA01A8F5F7C5FF054927
:10BFC00008600DF50D7D00BD2CE10008D0030020B8
:10BFD00044E20008D403002090ED0D0AD0ED110AD0
:10BFE00020EE200AB5EEC00AF1EE10FA53DD90ED16
:10BFF0000D0AB5EEC00AF1EE10FA02DD90ED0D0A61
:10C0000003E090ED0D0AB1EE400AD0ED080AB4EE5F
:10C01000E00AF1EE10FA00D8704790ED070AD0ED73
:10C02000080A70EE200A90ED0D0AB5EEC00AF1EE96
:10C0300010FA02DD90ED0D0A03E090ED0D0AB1EE6D
:10C04000400AF4EEC00AF1EE10FA20DBD0ED070A48
:10C0500090ED0D0AB5EEC00AF1EE10FA02DD90ED9A
:10C060000D0A03E090ED0D0AB1EE400A30EEC00A71
:10C07000D0ED080A30EE200A90ED071AC0EE010A52
:10C0800090ED130A20EE800A80ED130A03E09FED85
:10C09000030A80ED130A00BFBEE7000000000000A5
:10C0A00090ED120AD0ED190A60EE200A90ED0A0A0E
:10C0B00090ED191A30EE011A80EE810AD0ED160AC1
:10C0C00090ED0A1A60EE810A90ED0A1AD0ED191A65
:10C0D00031EE211AC0EE811A30EE210A80ED120AEB
:10C0E000704790ED0C0AD0ED0B0A30EE600AD0EDEF
:10C0F000020A20EE200AD0ED190A80EE201A80ED07
:10C10000121A704790ED110AD0ED130A30EE200A92
:10C110002E4981ED000A90ED100AD0ED110A30EEA3
:10C12000200AD0ED120A30EE200A294981ED000ADA
:10C1300091ED000AB5EEC00AF1EE10FA02DD91EDC4
:10C14000000A04E0224991ED000AB1EE400AD0ED68
:10C15000030AB4EEE00AF1EE10FA0EDD90ED0D0ADE
:10C16000D0ED110A20EE200AB5EEC00AF1EE10FA69
:10C1700003DD9FED180A80ED130A90ED060A1349BE
:10C18000D1ED000AB4EEE00AF1EE10FA07D29FED0D
:10C19000110A80ED130A90ED060A80ED110A90ED68
:10C1A000060AB1EE400A0949D1ED000AB4EEE00AF0
:10C1B000F1EE10FA09DD9FED070A80ED130A90ED0C
:10C1C000060AB1EE400A80ED110A704760000020B7
:10C1D0005C0000200000000090ED140AD0ED190A68
:10C1E00060EE200A90ED090A90ED191A30EE011A5E
:10C1F00080EE810AD0ED150A90ED091A60EE810AF1
:10C2000090ED091AD0ED191A31EE211AC0EE811AFB
:10C2100030EE210A80ED140A704790ED140AD0ED3B
:10C22000030AB4EEE00AF1EE10FA03DD90ED030A22
:10C2300080ED140A90ED140AD0ED030AF1EE600AC5
:10C24000B4EEE00AF1EE10FA05D290ED030AB1EE79
:10C25000400A80ED140A704710B52DED028B04469C
:10C26000D4ED140AB0EE600A00F096F8D4ED030A9B
:10C270009FED251A60EE810AB4EEE00AF1EE10FAA5
:10C280000CD3D4ED170AB0EE600A00F085F8DFEDAC
:10C290001F0AB4EEE00AF1EE10FA02D2BDEC028BF6
:10C2A00010BDD4ED170A94ED0B1A70EEC10AB0EE72
:10C2B000600A00F071F8B0EE408AD4ED170AB0EED3
:10C2C000600A00F069F8C8EE000A9FED110AF4EE6A
:10C2D000C00AF1EE10FA07DDD4E91A20521C40F131
:10C2E0000000C4E91A2002E00020A066E0664FF4D6
:10C2F000FA730020D4E91A219A1A884102D2012146
:10C300007020015500BFC9E76F12833A17B7D138C3
:10C310003333733F10B52DED0C8B044694ED190AA1
:10C3200010EE101A084601F07DFC41EC190B94ED5B
:10C330000D0AD4ED0E0A30EE200A10EE101A08464F
:10C3400001F070FC41EC1D0B9FED110B53EC102B19
:10C3500001F012FA41EC1B0B94ED010A10EE101AD9
:10C36000084601F05FFC41EC1C0B53EC1B2B01F069
:10C370005BFB41EC1A0B53EC192B01F055FB41EC24
:10C38000180B01F0C7F9E064BDEC0C8B10BD000088
:10C390000000000000000040F0EE400AB0EEE00AAD
:10C3A0007047F0EE400AB0EEE00A704708B540F280
:10C3B000DC5014234FF4FA7240F26B3100900120EC
:10C3C000FFF763F84FF47A70142342104FF4617151
:10C3D00000900220FFF759F840F2DC5014234FF48C
:10C3E000FA7240F24E2100900320FFF74EF808BD8C
:10C3F00008B540F2DC5014234FF4FA720146009065
:10C400000120FFF742F84FF47A701423421040F2F3
:10C41000DC5100900220FFF738F840F2DC50142382
:10C420004FF4FA7240F24C4100900320FFF72DF8D0
:10C4300008BD10B50120F7F73BF810BD70B50546F3
:10C440000C46A2B2642329460348F9F7BDFC08B1A3
:10C45000002070BD2046FCE75409002070B504465A
:10C460000D46AAB2642321460148F9F710FD70BDBC
:10C4700054090020F8B504460D4616461F4600F044
:10C4800091FB03203B46324629460090204600F0AF
:10C4900073FE00F05FFE2046F4F732FDF8BD0000A9
:10C4A000F0EE400AF6EE001A60EEA11AB0EE611A44
:10C4B000B0EE600A10EE100A0749A1EB600000EE32
:10C4C000100A21EE002AF7EE081A42EE401A61EE39
:10C4D000801AB0EE610A7047865A375FF7F70EF997
:10C4E000FBF792FEFAF79EFFFAF71AFFFAF7D4FE6F
:10C4F000FAF7F4FEFBF71AF9FBF7A2F8FBF7C4F81A
:10C50000FBF7F8F8FBF730F9FBF758FDFFF7F2FA05
:10C51000FAF74AFF00F015F800BFFEE701460020D9
:10C52000842901D0CA1C1044704770B504462546C2
:10C530000DB1294600E00121084600F037FD00203A
:10C5400070BD10B500F060FD002010BD7FB5044641
:10C550000D46606998B1A06988B1B4F90800FFF789
:10C56000DDFF0646D4E90510CDE9006102902B46B7
:10C570002269D4E9001000F049FF039013E0B4F9F8
:10C580000800FFF7CBFF064603A8CDE90060238A29
:10C590009AB22B46D4E9001000F006FF012802D021
:10C5A000002004B070BD0398FBE700002DE9F041C6
:10C5B00005460E461C4807681C480068001D00F030
:10C5C000F0FB50B91948006890F82C100120884001
:10C5D00017490968814316480160681C38B936B1AB
:10C5E00012480168091D134800F026FC1AE07C1966
:10C5F0000E4800684460BC4207D20C480168091D1F
:10C600000D48006800F0FEFB0CE008480168091DB9
:10C610000A48006800F0F6FB09480068844201D22D
:10C6200007480460BDE8F0811804002004040020DD
:10C630001C040020781600200C04002008040020B0
:10C640003404002010B5044600F002FC23480068C2
:10C65000401C224908602248006840B92048046014
:10C660000846006801280DD100F03EF90AE01D4897
:10C67000006838B91A480068C06AE16A884201D87F
:10C680001748046018480068401C1749086094F86F
:10C690002C10012088401549096808431349086097
:10C6A000E16A01EB8101124A02EB8100211D00F0D9
:10C6B000C3FB00F0F7FB0B48006868B1084800684E
:10C6C000C06AE16A884207D24FF080500949086089
:10C6D000BFF34F8FBFF36F8F10BD00001404002015
:10C6E0000404002020040020300400201C0400204A
:10C6F0009C15002004ED00E010B516E000F0A8FB4A
:10C700000C48C068C468201D00F04BFB0A48006854
:10C71000401E0949086009480068401E0749086032
:10C7200000F0C0FB204600F00BF804480068002829
:10C73000E4D110BD64160020140400201004002071
:10C7400010B5044694F8610030B9206B00F0C8FBC6
:10C75000204600F0C5FB1AE094F86100012803D1DF
:10C76000204600F0BDFB12E094F86100022801D1E0
:10C77000012000E0002050B900BF502080F3118854
:10C78000BFF34F8FBFF36F8F00BF00BFFEE710BD39
:10C7900030B544F62063174800F007042CB1C01DE3
:10C7A00020F00700134C041B1B1B0246124C226096
:10C7B0000024114D6C60D018083820F007000F4C91
:10C7C000206000240D4D2D686C600C4D2D682C6090
:10C7D0001146441A4C60094C24680C60084D4C68A2
:10C7E0002C60084D4C682C604FF00044064D2C60C6
:10C7F00030BD00008C16002078C0012080C00120D0
:10C8000088C0012084C0012094C0012000BFFFF730
:10C8100073FF064800680128F9D94FF08050044999
:10C820000860BFF34F8FBFF36F8FF0E79C150020B8
:10C8300004ED00E02DE9FF5F81460E469246DDE9FA
:10C840000E7B109CAAF10100216B01EB800828F0FF
:10C85000070808F0070008B9012000E0002050B9DF
:10C8600000BF502080F31188BFF34F8FBFF36F8F4D
:10C8700000BF00BFFEE786B1002507E0715D04F14F
:10C8800034004155705D00B902E06D1C202DF5D3D8
:10C8900000BF00215320015502E0002084F834003D
:10C8A000072F00D30627E76267650020A065201DDB
:10C8B00000F0A5FA04F1180000F0A1FA2461C7F114
:10C8C0000700A06164620020E06584F860004946CA
:10C8D0004046039A00F050F92060BBF1000F01D0F0
:10C8E000CBF80040BDE8FF9F10B5002407E004EB43
:10C8F00084010F4A02EB810000F074FA641C072CDB
:10C90000F5D30C4800F06EFA0B4800F06BFA0B48B8
:10C9100000F068FA0A4800F065FA0A4800F062FA86
:10C9200004480949086004480849086010BD00002F
:10C930009C150020281600203C16002050160020D0
:10C940006416002078160020080400200C04002043
:10C9500010B50146164800E0006803688B42FBD31F
:10C960000246436813448B4204D143684C68234415
:10C97000436001460A464B6813440468A34211D140
:10C980000C4C03682468A34208D04B6804686468B0
:10C9900023444B6003681B680B6005E0054B1B6874
:10C9A0000B6001E003680B60884200D0016010BD9D
:10C9B00078C0012080C001200A490968096809B9C6
:10C9C000012100E0002121B14FF0FF31064A116042
:10C9D00006E004490968C968C868034A41681160EB
:10C9E0007047000008040020340400200E4800684E
:10C9F000401C08B9012000E0002050B900BF5020C1
:10CA000080F31188BFF34F8FBFF36F8F00BF00BF5C
:10CA1000FEE700BF502080F31188BFF34F8FBFF3B4
:10CA20006F8F00BF00BFFEE7400400202DE9F041FA
:10CA300004464FF0000800F03FFB4948006808B981
:10CA4000FFF7A6FE474800682040002870D1D4B107
:10CA5000083404F00700B0B104F00700C0F108008A
:10CA6000044404F0070008B9012000E0002050B998
:10CA700000BF502080F31188BFF34F8FBFF36F8F3B
:10CA800000BF00BFFEE7002C52D037480068844248
:10CA90004ED8364E3046056801E02E462D6868684F
:10CAA000A04202D228680028F7D12D4800688542AC
:10CAB0003ED0306800F10808286830606868001BC4
:10CAC000102819D92F1907F0070008B9012000E034
:10CAD000002050B900BF502080F31188BFF34F8F62
:10CAE000BFF36F8F00BF00BFFEE76868001B786070
:10CAF0006C603846FFF72CFF1B4968680968081A04
:10CB0000194908600846006819490968884203D233
:10CB100015480068164908601249686809680843A2
:10CB200068600020286013480068401C11490860B4
:10CB300000F06EFD08F0070008B9012000E00020B9
:10CB400050B900BF502080F31188BFF34F8FBFF35F
:10CB50006F8F00BF00BFFEE74046BDE8F0810000D8
:10CB600080C0012094C0012084C0012078C0012031
:10CB700088C001208CC00120001F4FF0807303602B
:10CB8000001F21F001030360001F054B03601438F0
:10CB90000260001F6FF0020303602038704700003E
:10CBA000EDC9000810B5FFF744FC10BD70B5044690
:10CBB0000D4629462046FFF741FC70BD2DE9F047A0
:10CBC00004462078617840EA0120C0F30A00A0F50D
:10CBD0008060634988806078C010A17840EA411085
:10CBE000C0F30A00A0F580605D49C880A07880117C
:10CBF000E17840EA8100217940EA8120C0F30A000F
:10CC0000A0F580605649088020794010617940EA9B
:10CC1000C110C0F30A00A0F5806051494880207C13
:10CC2000617C40EA0120C0F30A00A0F580604C4915
:10CC30000881FBF759F96079C0F301104849C872BF
:10CC40006079001180088872A079E17940EA0120BA
:10CC500000B243498881207A617A40EA012001B21A
:10CC60003F48C181A07AE17A40EA012001B23C4804
:10CC70000182217B8174617BC174A07BE17B40EAEE
:10CC80000120374988820846007DC0F3401018B162
:10CC90000846898AC18202E031480021C1823048B9
:10CCA000007DC0F3001020B12D480146898A018320
:10CCB00002E02B48002101832948878AB0F85E8072
:10CCC000C58A068BB0F86090B0F862A00020012100
:10CCD0003BE0042801D0052800D130E007EA01023A
:10CCE00082B108EA01026AB905EA010252B906EA0C
:10CCF00001023AB91A4A1A32125C521CD3B2184ACB
:10CD00001A32135405EA010252B109EA01023AB992
:10CD1000134A2A32125C521CD3B2114A2A321354DB
:10CD200006EA010252B10AEA01023AB90C4A3A3261
:10CD3000125C521CD3B20A4A3A32135400BF4FF667
:10CD4000FF7202EA4101421C90B21028C1DB4A2264
:10CD5000034901F14A00F3F7BFFBBDE8F08700008B
:10CD6000900B002010B500EE100A2DED028BB1EEF5
:10CD7000C08A18EE100A20F00040C0F1FF40C00F3A
:10CD80000AD010EE100A20F00040C0F1FF40C00FA2
:10CD900004BF0120F3F7E2FC18EE100ABDEC028B91
:10CDA00010BD01460A69D1E901309860D1E901035B
:10CDB00058605068884201D188685060002008613E
:10CDC0001068401E1060106870470000034B03603D
:10CDD000034B0B6080231360704700004005002068
:10CDE000A405002000F1080141604FF0FF3181608F
:10CDF00000F10801C160016100210160704700215C
:10CE00000161704710B502460B685C1C0CB91069D3
:10CE100007E002F1080000E04068446824689C4292
:10CE2000FAD944684C604C68A160886041600A612E
:10CE30001468641C146010BD42684A6093688B607B
:10CE4000936859609160086103685B1C03607047D8
:10CE500000BF502080F31188BFF34F8FBFF36F8F57
:10CE600000BF0E480068401C0C4908600846006876
:10CE7000012812D10A480068C0B208B9012000E0B8
:10CE8000002050B900BF502080F31188BFF34F8FAE
:10CE9000BFF36F8F00BF00BFFEE770474004002064
:10CEA00004ED00E00D48006850B900BF502080F349
:10CEB0001188BFF34F8FBFF36F8F00BF00BFFEE736
:10CEC00006480068401E054908600846006820B909
:10CED000002080F3118800BF00BF7047400400208D
:10CEE00070B506463546002E44D0083D2C462249F2
:10CEF00060680968084008B1012000E0002050B9CE
:10CF000000BF502080F31188BFF34F8FBFF36F8FA6
:10CF100000BF00BFFEE7206808B9012000E0002044
:10CF200050B900BF502080F31188BFF34F8FBFF37B
:10CF30006F8F00BF00BFFEE70F49606809680840B7
:10CF4000C0B12068B0B90C49606809688843606066
:10CF500000F0B2F8094960680968084407490860A8
:10CF60002046FFF7F5FC06480068401C04490860AD
:10CF700000F04EFB70BD000094C0012084C0012071
:10CF800090C0012000204FF0E02108618861064830
:10CF900000684FF47A71B0FBF1F0401E4FF0E021D1
:10CFA00048610720086170471CC0012070B5044625
:10CFB0000025D4B11248006808B9012000E0002023
:10CFC00050B900BF502080F31188BFF34F8FBFF3DB
:10CFD0006F8F00BF00BFFEE700F06EF80021204613
:10CFE000FFF7E4FA00F014FB05463DB94FF080501E
:10CFF00004490860BFF34F8FBFF36F8F70BD00000F
:10D000003C04002004ED00E010B586B0002005903F
:10D01000049003AA04A905A8FFF7D8FE0022DDE9C1
:10D0200004101346CDE9002102901CA11D48039A6B
:10D0300000F0ECF91C4908600846006808B10124BA
:10D0400000E00024012C15D100BF502080F311888E
:10D05000BFF34F8FBFF36F8F00BF4FF0FF30134907
:10D06000086001201249086000201249086000F0A1
:10D07000E7F810E0601C08B1012000E0002050B982
:10D0800000BF502080F31188BFF34F8FBFF36F8F25
:10D0900000BF00BFFEE706B010BD000049444C458C
:10D0A000000000000DC800083804002034040020EF
:10D0B000200400201804002002480068401C014998
:10D0C000086070473C0400201D48006818B101202A
:10D0D0001C49086032E000201A4908601A480068BC
:10D0E000B0FA80F0C0F11F0101EB8100174A52F83D
:10D0F000200008B1012000E0002050B900BF5020FE
:10D1000080F31188BFF34F8FBFF36F8F00BF00BF55
:10D11000FEE701EB81020D4B03EB8200426852688F
:10D12000426000F108024368934202D142685268AB
:10D1300042604268D268064B1A6000BF7047000028
:10D140003C040020280400201C0400209C15002022
:10D150000404002010B50648007838B1044801786E
:10D160000448FFF77BF900200149087010BD00005A
:10D1700026C00120741400202DE9FE43074688468E
:10D1800014461D46DDF82890022600200290FF205C
:10D190008DF800008DF801008DF802708DF8049074
:10D1A0005CB1681C3044C6B28DF803608DF8058010
:10D1B0000621684600F028F805E08DF80360052197
:10D1C000684600F021F8B81948444044C0B20290C3
:10D1D0007CB1002007E0215C9DF808201144C9B211
:10D1E0000291411CC8B2A842F5DB2946204600F056
:10D1F0000BF89DF80800C043C0B20290012102A8BC
:10D2000000F002F8BDE8FE8330B502460DE00A48A2
:10D210000078802809D212F8013B0748047800788A
:10D22000401C054D287005480355081EA1F1010159
:10D23000EDD10148007830BD26C0012074140020D3
:10D240001CB5524800685249884201D0012000E0D4
:10D25000002050B900BF502080F31188BFF34F8FDA
:10D26000BFF36F8F00BF00BFFEE748480068484922
:10D27000491E884201D0012000E0002050B900BFC3
:10D28000502080F31188BFF34F8FBFF36F8F00BF23
:10D2900000BFFEE73F49084600780190FF200A469C
:10D2A00010700846007800909DF8000000F0F00033
:10D2B0009DF80020904201D1012000E0002050B9EB
:10D2C00000BF502080F31188BFF34F8FBFF36F8FE3
:10D2D00000BF00BFFEE79DF8000000F050002E4A9E
:10D2E000107007202D4A106009E02C480068401E8D
:10D2F0002A4A10609DF800004006000E00909DF83C
:10D30000000000F080008028EFD024480068C0F1C1
:10D310000700042801D1012000E0002050B900BF1F
:10D32000502080F31188BFF34F8FBFF36F8F00BF82
:10D3300000BFFEE7194800680002184A1060104656
:10D34000008800F4E0601060124A019810700F48E5
:10D350002030006840F470000C4920310860084615
:10D36000006840F070400860FFF70CFE00200C4998
:10D370000860F2F7AFFF0B48006840F040400949F1
:10D380000860F2F793FF00201CBD000000ED00E0F4
:10D3900071C20F4100E400E0440400204804002072
:10D3A0004004002034EF00E02DE9FF4F85B08046B7
:10D3B00089461746DDE912ABB800FFF737FB064692
:10D3C00056B16420FFF732FB04460CB1266304E03B
:10D3D0003046FFF785FD00E000248CB1002084F882
:10D3E0006100CDE900ABCDE902403A4649464046EE
:10D3F000089BFFF71FFA2046FFF724F9012501E0FB
:10D400004FF0FF35284609B0BDE8F08F2DE9F04F09
:10D4100085B00746884691469A46DDE90EB6109CCF
:10D420000EB1012000E0002050B900BF502080F371
:10D430001188BFF34F8FBFF36F8F00BF00BFFEE7B0
:10D440000CB1012000E0002050B900BF502080F353
:10D450001188BFF34F8FBFF36F8F00BF00BFFEE790
:10D46000642003900398642801D1012000E000208B
:10D4700050B900BF502080F31188BFF34F8FBFF326
:10D480006F8F00BF00BFFEE700BFB4B1AEB125464D
:10D490002C462E63022085F86100002004A9534623
:10D4A0004A46CDE900B1CDE9025041463846FFF782
:10D4B000C1F92846FFF7C6F801E00020049004985F
:10D4C00005B0BDE8F08F00002DE9F0414FF00008F5
:10D4D0004448006800287CD143480068451C424805
:10D4E000056015BB41480068006808B9012000E0EC
:10D4F000002050B900BF502080F31188BFF34F8F38
:10D50000BFF36F8F00BF00BFFEE738480768384899
:10D510000068364908603648076036480068401C95
:10D5200034490860FFF748FA00BF33480068854275
:10D530003CD300BF2D480068006808B9012000E016
:10D54000002020B14FF0FF302B4908602DE0274824
:10D550000068C068C4686668B54202D226480660A2
:10D5600023E0201DFFF71DFCA06A18B104F118008C
:10D57000FFF717FC94F82C10012088401F49096818
:10D5800008431E490860E16A01EB81011C4A02EB75
:10D590008100211DFFF750FC1A49E06A0968C96A39
:10D5A0008842C7D34FF00108C4E700BF15480068A0
:10D5B000C06A00EB8000124951F82000012801D90F
:10D5C0004FF001081048006808B14FF0010805E06D
:10D5D000FFE70E480068401C0C4908604046BDE863
:10D5E000F08100003C040020180400200804002002
:10D5F0000C0400202C040020340400201C04002013
:10D600009C1500200404002028040020240400208D
:10D6100070B5002400263648006850B900BF50207D
:10D6200080F31188BFF34F8FBFF36F8F00BF00BF30
:10D63000FEE7FFF70DFC2E480068401E2C490860ED
:10D640000846006800284FD12A48006800284BD0BF
:10D6500024E02948C068C46804F11800FFF7A1FB62
:10D66000201DFFF79EFB94F82C10012088402349D1
:10D670000968084321490860E16A01EB8101204AF9
:10D6800002EB8100211DFFF7D7FB1E49E06A096804
:10D69000C96A884202D301201B4908601648006805
:10D6A00008B9012000E000200028D2D00CB1FFF71B
:10D6B00083F91648056865B100BFFFF705FF10B193
:10D6C0000120114908606D1E002DF6D100200F4980
:10D6D00008600D48006838B1012630070C49086021
:10D6E000BFF34F8FBFF36F8FFFF7DCFB304670BD8A
:10D6F0003C04002014040020501600201C040020CC
:10D700009C1500200404002028040020240400208C
:10D7100004ED00E021F00042A2F16052B2F5801F5A
:10D7200001F0004328BFD2F17F6C0BD95FEA001CE7
:10D7300043EAC20242EB507018BF704728BF20F086
:10D7400001007047B2F5801FBCBF184670474FEA12
:10D75000410C1CF5001F02D2084600F0D9BA70B582
:10D7600000F00CFA00000089FFF7F6BF4FF0004010
:10D77000A0F58000704700002DE9C04130B4DFF80B
:10D78000A0C23CEA111418BF3CEA131400F0EC806C
:10D7900081EA03051CEA111444EAD57418BF1CEA97
:10D7A000131500F0C780A4EB05044FF0004545EACF
:10D7B000C12145EAC32341EA505143EA525304F1DF
:10D7C0007F74994204F500344FEAC0204FEAC22228
:10D7D00008BF904200F09C804FEA13650FF240169C
:10D7E000765D4FEA134506FB05F7C7F1807706FB28
:10D7F00007F74FEAD737A7FB03687642C8F58038AA
:10D80000A7FB06CE38BFA8F1010807FB08E64FF0DA
:10D81000000EA6FB028CE6FB03CEDCF1000CCEF181
:10D82000004E38BFAEF1010EA6FB0C584FF00007BA
:10D830004FF00005E6FB0E87A1FB08C6A0FB07CE54
:10D8400016EB0E0645F10005E1FB076515F1E04E0C
:10D850007EBFA4F580345FEA46066D4116F180076D
:10D8600045F100054FEA17274FEA066647EA0567C4
:10D87000A6F1DE46B6F1805F4FEA15251FD938467E
:10D8800024F0010C05EBC471BCF1FE6F01EB0C112F
:10D8900002D8F0BCBDE8008124425CBF01F5801EC7
:10D8A0009EEAC47F02D4F0BCBDE80081244238D493
:10D8B000F0BCA1F1C041BDE8004100F0ADB94FEAB4
:10D8C000D22242EA43524FEAD323A7FB02864FEA11
:10D8D000D02040EA415007FB03661EEA0E0F4FEAD4
:10D8E000D12105FB026658BFA6EB0056B6EB0056E9
:10D8F0004FEA520E4EEAC37E18EB0E0E56EB530E55
:10D90000BDD518EB02085E417F1C55F10005B6E756
:10D910004FF480154FF000074FF000064FF000085D
:10D92000ADE7F0BC4FF0000001F1C04101F0004153
:10D93000BDE8008111EA0C1F0CEA131500D00CE0C1
:10D9400013EA0C1F00F025804FF00000F0BC81EAC4
:10D95000030101F00041BDE80081F0BCBDE80041D9
:10D9600081EA030100F058B9F0BCBDE8004170B590
:10D9700000F004F9097EFC3E00F007B881EA0301DB
:10D980004FF0000001F00041704781EA030100F010
:10D9900043B9F0BCBDE800414FF000002149704799
:10D9A000FFFDFBF9F7F5F4F2F0EEEDEBE9E8E6E464
:10D9B000E3E1E0DEDDDBDAD8D7D5D4D3D1D0CFCDEB
:10D9C000CCCBCAC8C7C6C5C4C2C1C0BFBEBDBCBB24
:10D9D000BAB9B8B7B6B5B4B3B2B1B0AFAEADACAB1F
:10D9E000AAA9A8A8A7A6A5A4A3A3A2A1A09F9F9EF9
:10D9F0009D9C9C9B9A9999989797969595949393AB
:10DA0000929191908F8F8E8E8D8C8C8B8B8A898941
:10DA100088888787868585848483838282818180C4
:10DA20000000FF070000F87FDFF848C170B51CEA6E
:10DA3000111E1EBF1CEA13159EEA0C0F95EA0C0F6F
:10DA400000F06F8081EA030423EA4C134EEAD47E8F
:10DA500021EA4C1141F4801143F48013AE44A1FB40
:10DA6000024CA0FB0365AEF17F7E361955EB0C0529
:10DA7000A1FB034C4CF10003A0FB021C16EB0C06AF
:10DA8000654153F10003094218BF46F0010613F443
:10DA9000007F0BD14FEA03314FEA0530340341EAEE
:10DAA000155140EA16506FF003020AE04FEAC32115
:10DAB0004FEAC520F40241EA555140EA56506FF052
:10DAC000020202EB2E4201EB025585EACE710AD02A
:10DAD0005FEA440C18BF24F0004450F1000041F10B
:10DAE000000120EAD47040F2FE7C624500D270BD95
:10DAF000A84214BF4FF080444FF04044002E08BFAE
:10DB00000024BEF1806FA8BFA1F1C041BDE8704004
:10DB100080F282804FF0000001F1C04101F000412D
:10DB200070479EEA0C0F0CEA131518BF95EA0C0F0C
:10DB300006D04FF0000081EA030E0EF0004170BDE8
:10DB400000F01CF88900013E00F007B800F009B8A9
:10DB50004FEA430C5FEA5C5C08D081EA030100F005
:10DB60005BB84FEA410C5FEA5C5CF6D14FF0000015
:10DB7000014970470000FF070000F87F0EF1020E18
:10DB80002EF0030E5EF8046B364205D4012A43EBF7
:10DB9000030515F5001F12D8012841EB010C1CF5F7
:10DBA000001F0CD80ED14FEAD17C15F5001F0CEBED
:10DBB0004C0C0CF1020C08BF4CEBD37C04E04FF092
:10DBC000080C01E04FEAD37C0CEB4C0526FA05F675
:10DBD00006F00706B6F1040C06D20EEB860CBDE883
:10DBE00070404CF0010C6047DFE80CF0090B0202BA
:10DBF0004FF000414FF00000A1F5002170BD194623
:10DC00001046012851EB010418BFD4F5001484BF5D
:10DC1000002001F0004170BD0808A0F500114FEA96
:10DC20003101704743004FEAD30C4FEA3C0C4340AC
:10DC30001FBF40070CF1605113F0FE4F70471CF0FE
:10DC4000006F03D100200CF0004170470CF000433E
:10DC500043EA507010B540EACC0000F00EF800BF67
:10DC6000000000924FEA0001FFF7D6BF4FF00041DD
:10DC70004FF00000A1F5002170470EF1020E2EF0CA
:10DC8000030E5EF8044B244204D44FEA4102B2F181
:10DC90007F4F11D84FEA4003B3F17F4F0CD80ED11C
:10DCA0004FEAD07CB2F17F4F0CEB4C0C0CF1020C24
:10DCB00008BF4CEBD17C04E04FF0080C01E04FEAC8
:10DCC000D17C0CEB4C0324FA03F404F00704B4F108
:10DCD000040C06D20EEB840CBDE810404CF0010C95
:10DCE0006047DFE80CF0070802024FF00040A0F5A3
:10DCF000800010BD0846420018BFD2F1807288BF74
:10DD000000F0004010BD4FF04070E1EE100A704787
:10DD1000FF2141EAD050C0057047000098E3000899
:10DD20000D6A000801000000000000000002000071
:10DD300000000000000000008CE30008251D000822
:10DD400001000000000000000008000000000000CA
:10DD5000000000007CE3000881B40008010000001E
:10DD600000000000000200000000000000000000B1
:10DD700084E300084D0F00080100000000000000CF
:10DD80000002000000000000000000000006101665
:10DD9000000610160000000000000000010203044D
:10DDA0000607080900000000010203040200000049
:10DDB0001D200008000000000A000000C97E0008C5
:10DDC000000000000000803F000000000000000094
:10DDD000000000000000803F000000000000000084
:10DDE000000000000000803F000000000000000074
:10DDF0000000803F00007A440000A04100000000C5
:10DE00000000FA44000000000100000000009643FA
:10DE10000000000000000000000000000000000002
:10DE20000000000000000000C3F51C410000803F1E
:10DE300000000000000000000000000000000000E2
:10DE400000000000000000000000803F0000000013
:10DE500000000000000000000000000000000000C2
:10DE6000000000000000803F0000000000000000F3
:10DE700000000000000000000000000000000000A2
:10DE80000000803F000000000000000000000000D3
:10DE90000000000000000000000000000000803FC3
:10DEA0000000000000000000000000000000000072
:10DEB00000000000000000000000803F00000000A3
:10DEC0000000000000000000000000000000000052
:10DED0000000000000000000000000000000000042
:10DEE0000000000000000000000000000000000032
:10DEF00000000000000000000000803F0AD7233C23
:10DF00000000000000401C46000000004900000026
:10DF100000803B4500000000000000000000000001
:10DF20000000000000008040CDCC4C3E0AD7A33B4F
:10DF300000401C46000000004900000000803B45F6
:10DF400000000000000000000000000000000000D1
:10DF500000000000000000000000000000000000C1
:10DF600000000000000000000000000000000000B1
:10DF700000000000000000000000000000000000A1
:10DF80000000000000000000000000000000000091
:10DF90000000000000000000000000000000000081
:10DFA0000000000000000000000000000000000071
:10DFB000080009000000000000000000020000004E
:10DFC000CC0700200000000000000000000000005E
:10DFD0000000000000000000000000000000000041
:10DFE0000000000000000000000000000000000031
:10DFF0000000000000000000000000000000000021
:10E000000000000000000000000000000000000010
:10E010000000000000000000000000000000000000
:10E0200000000000000000000000000000000000F0
:10E03000000000000000000000000000000020427E
:10E04000000040400000000000409C46000000002E
:10E050000990000000007A45000000000000000068
:10E060008FC2F53C0000000000004041CDCC4C3E8A
:10E070000000000000007A460000003F49800400D4
:10E0800000007A440000A040CDCCCC3D0000000050
:10E090006F12833A00000000000000000000000042
:10E0A0000000000000000000000000000000000070
:10E0B0000000000000000000000000000000000060
:10E0C00000000000000000004000480000000000C8
:10E0D0000000000001000000CC070020000000004C
:10E0E0000000000000000000000000000000C84226
:10E0F000CDCCCC3D0000884100409C460000003F54
:10E10000490004000000FA43CDCC4C3E9A99993E58
:10E11000000000000AD7233CAA55000098340000F4
:10E1200005000000C97900080000000000000000A0
:10E1300000000000000000000000000000000000DF
:10E1400000000000000000000000000000000000CF
:10E1500000000000000000000000000000000000BF
:10E160000000000000000000CDCC4C3E52491D3A9A
:10E170000000000000606A4600000000010000008E
:10E1800000401C46000000000000000000000000ED
:10E1900000000000000040400AD7A33B6F12833B01
:10E1A00000606A46000000004900000000401C4674
:10E1B000000000000000000000000000000000005F
:10E1C000000040400000C03FCDCCCC3D00401C478B
:10E1D00000000000C9969C0000606A470000000033
:10E1E00000000000000000000AD7233C00000000EF
:10E1F000000000000000000000000000000000001F
:10E20000000000000000000000000000000000000E
:10E2100000000000000000000000000000000000FE
:10E2200040004900000000000B0000000300000057
:10E23000A407002001000000000000000000000012
:10E2400000000000000000000000000000000000CE
:10E2500000000000000000000000000000000000BE
:10E2600000000000000000000000000000000000AE
:10E27000000000000000000000000000000000009E
:10E280000000003F0AD7233C000000000050434735
:10E29000000000000100000000401C4600000000DB
:10E2A00000000000000000000000000000008040AE
:10E2B000CDCCCC3C0AD7A33C00606A4600000000ED
:10E2C0004900000000401C46000000000000000063
:10E2D0000000000000000000000020410000003F9E
:10E2E000CDCCCC3D0050434700000000C9969C00B7
:10E2F0000050434700000000000000000000000044
:10E300000AD7233C000000000000000000000000CD
:10E3100000000000000000000000000000000000FD
:10E3200000000000000000000000000000000000ED
:10E330000000000000000000400049000000000054
:10E340000B00000002000000A407002002000000F3
:10E3500000000000000000000000000000000000BD
:10E360006E83F9A22915444ED15727FCC0DD34F540
:10E37000999562DB4190433CAB6351FE5573625407
:10E3800061736B0041726D5461736B00436861731C
:10E390007369735461736B00496D755461736B00DD
:10E3A000E0E300080000002040050000C401000870
:10E3B00020E5000800C001209800000020020008AD
:10E3C00020E5000840050020B07B01003C02000869
:10E3D000B8E5000898C001203C0000003C0200089D
:10E3E00061025E0E13A407E420FF010A2E0841110A
:10E3F0000A3D02410A3AFF410A3ECCC32941093B8A
:10E40000C33982093A41011580093333EB3A58A0E8
:10E410008B3A29E3157D04017C100F0240AB0341C8
:10E4200001055308065804070F1608108109111634
:10E430000A15800B16450C18010D031C70170335C7
:10E44000204208081250C347CDCCCC3D0409531CD0
:10E45000110B1AC8421C019C0B2701012A280C022F
:10E46000D007D007E803E803323206014A1AAA01AE
:10E47000811365931B08AD041ABD041AE90413291E
:10E48000941B0831081A75041312011402020216B3
:10E4900040830440571D02010203BC0E1904030906
:10E4A000041A8C131D161B08190413D5151B0841DB
:10E4B000081A650441130A0632021A404311137107
:10E4C0008E14086D8C4C08BB901C1B418D28128B40
:10E4D0001B082314C11AE5181AA1041A2D301A9129
:10E4E000081C090243871125C03209041B01020BD5
:10E4F0001305241610010524011009010424020249
:10E50000052406170107058203081C100904BD3203
:10E510000A2E0705010240072A8107248101820093
:10E5200000000000000000000000000000000000EB
:10E530000000000010000000010000000024F400B2
:10E5400000000000000000010000000000000000CA
:10E5500000000000000000000000000000000000BB
:10E560000000000000000000000000000000C842A1
:10E57000000000000000000000000000000000009B
:10E58000000000000000000000000000000000008B
:10E59000000000000000000000000000000000007B
:10E5A000000000000000000000000000000000006B
:08E5B000000000000000000063
:040000050800018965
:00000001FF
